account_id,signup_date,cohort_month,country,industry,company_size_bucket,initial_plan,acquisition_channel
ACC-00001,2024-10-16,2024-10-01,US,EdTech,1-10,Basic,Organic
ACC-00002,2024-07-12,2024-07-01,US,HealthTech,1-10,Basic,Paid Search
ACC-00003,2023-01-28,2023-01-01,DE,EdTech,51-200,Basic,Paid Search
ACC-00004,2023-10-12,2023-10-01,AU,SaaS,51-200,Pro,Organic
ACC-00005,2023-06-09,2023-06-01,US,MarTech,1-10,Basic,Paid Search
ACC-00006,2023-12-19,2023-12-01,FR,MarTech,51-200,Pro,Outbound
ACC-00007,2024-01-23,2024-01-01,US,FinTech,11-50,Enterprise,Paid Search
ACC-00008,2023-07-16,2023-07-01,CA,SaaS,1-10,Basic,Organic
ACC-00009,2023-08-27,2023-08-01,NL,FinTech,11-50,Enterprise,Organic
ACC-00010,2023-12-30,2023-12-01,US,FinTech,200+,Pro,Paid Search
ACC-00011,2023-06-25,2023-06-01,DE,SaaS,11-50,Basic,Outbound
ACC-00012,2024-12-05,2024-12-01,DE,EdTech,51-200,Pro,Organic
ACC-00013,2023-02-02,2023-02-01,AU,HealthTech,1-10,Enterprise,Paid Search
ACC-00014,2023-11-19,2023-11-01,US,HealthTech,51-200,Pro,Organic
ACC-00015,2023-05-23,2023-05-01,US,E-Commerce,1-10,Pro,Outbound
ACC-00016,2024-02-13,2024-02-01,UK,HR Tech,1-10,Pro,Partner
ACC-00017,2023-04-23,2023-04-01,US,SaaS,51-200,Pro,Paid Search
ACC-00018,2024-09-02,2024-09-01,SE,E-Commerce,200+,Enterprise,Organic
ACC-00019,2023-04-28,2023-04-01,CA,E-Commerce,1-10,Pro,Organic
ACC-00020,2024-03-21,2024-03-01,US,SaaS,51-200,Pro,Outbound
ACC-00021,2023-07-02,2023-07-01,DE,SaaS,11-50,Enterprise,Paid Search
ACC-00022,2023-07-23,2023-07-01,US,MarTech,11-50,Pro,Paid Search
ACC-00023,2023-01-01,2023-01-01,DE,HealthTech,1-10,Basic,Outbound
ACC-00024,2023-11-11,2023-11-01,US,SaaS,11-50,Basic,Partner
ACC-00025,2023-03-12,2023-03-01,SE,E-Commerce,1-10,Pro,Outbound
ACC-00026,2023-06-19,2023-06-01,US,Logistics,11-50,Basic,Paid Search
ACC-00027,2024-12-07,2024-12-01,US,FinTech,200+,Pro,Paid Search
ACC-00028,2024-06-13,2024-06-01,UK,SaaS,1-10,Basic,Paid Search
ACC-00029,2024-08-25,2024-08-01,US,SaaS,11-50,Basic,Outbound
ACC-00030,2023-12-05,2023-12-01,US,SaaS,51-200,Basic,Organic
ACC-00031,2024-08-07,2024-08-01,DE,SaaS,11-50,Basic,Organic
ACC-00032,2024-11-05,2024-11-01,UK,HealthTech,11-50,Pro,Partner
ACC-00033,2024-10-23,2024-10-01,US,HealthTech,11-50,Enterprise,Organic
ACC-00034,2023-07-14,2023-07-01,DE,SaaS,1-10,Pro,Outbound
ACC-00035,2023-03-19,2023-03-01,UK,Logistics,11-50,Basic,Outbound
ACC-00036,2023-01-16,2023-01-01,SE,Logistics,51-200,Basic,Paid Search
ACC-00037,2023-08-07,2023-08-01,NL,Logistics,1-10,Basic,Paid Search
ACC-00038,2024-04-10,2024-04-01,US,EdTech,51-200,Pro,Partner
ACC-00039,2024-05-13,2024-05-01,US,FinTech,200+,Pro,Paid Search
ACC-00040,2023-11-18,2023-11-01,US,E-Commerce,11-50,Enterprise,Organic
ACC-00041,2024-06-04,2024-06-01,US,SaaS,11-50,Pro,Organic
ACC-00042,2023-05-03,2023-05-01,SE,E-Commerce,11-50,Basic,Organic
ACC-00043,2024-11-04,2024-11-01,DE,E-Commerce,200+,Basic,Partner
ACC-00044,2023-09-02,2023-09-01,US,SaaS,11-50,Pro,Outbound
ACC-00045,2023-03-16,2023-03-01,US,E-Commerce,11-50,Basic,Paid Search
ACC-00046,2024-06-02,2024-06-01,US,HR Tech,51-200,Enterprise,Paid Search
ACC-00047,2023-06-11,2023-06-01,UK,E-Commerce,11-50,Enterprise,Partner
ACC-00048,2024-06-25,2024-06-01,US,MarTech,1-10,Pro,Outbound
ACC-00049,2023-05-18,2023-05-01,US,Logistics,51-200,Basic,Organic
ACC-00050,2023-08-04,2023-08-01,CA,SaaS,11-50,Basic,Paid Search
ACC-00051,2023-02-22,2023-02-01,US,HealthTech,1-10,Basic,Partner
ACC-00052,2024-10-14,2024-10-01,SE,SaaS,11-50,Pro,Paid Search
ACC-00053,2023-04-25,2023-04-01,US,Logistics,200+,Pro,Partner
ACC-00054,2024-08-19,2024-08-01,DE,HealthTech,1-10,Basic,Outbound
ACC-00055,2023-02-10,2023-02-01,NL,SaaS,1-10,Basic,Partner
ACC-00056,2024-02-21,2024-02-01,SE,EdTech,200+,Basic,Organic
ACC-00057,2023-07-01,2023-07-01,NL,SaaS,51-200,Basic,Outbound
ACC-00058,2024-11-16,2024-11-01,NL,MarTech,1-10,Pro,Organic
ACC-00059,2023-02-09,2023-02-01,NL,SaaS,51-200,Pro,Organic
ACC-00060,2023-08-22,2023-08-01,US,EdTech,11-50,Basic,Organic
ACC-00061,2023-10-13,2023-10-01,UK,E-Commerce,51-200,Enterprise,Organic
ACC-00062,2023-01-29,2023-01-01,US,HR Tech,1-10,Enterprise,Organic
ACC-00063,2023-04-22,2023-04-01,DE,FinTech,51-200,Basic,Outbound
ACC-00064,2023-04-29,2023-04-01,UK,E-Commerce,1-10,Pro,Organic
ACC-00065,2024-07-05,2024-07-01,CA,HR Tech,51-200,Basic,Paid Search
ACC-00066,2024-11-11,2024-11-01,NL,E-Commerce,51-200,Basic,Outbound
ACC-00067,2024-06-03,2024-06-01,US,HealthTech,11-50,Basic,Organic
ACC-00068,2024-03-06,2024-03-01,FR,FinTech,51-200,Basic,Paid Search
ACC-00069,2024-02-20,2024-02-01,DE,SaaS,1-10,Basic,Paid Search
ACC-00070,2024-11-01,2024-11-01,US,HealthTech,51-200,Pro,Partner
ACC-00071,2023-06-23,2023-06-01,FR,FinTech,51-200,Pro,Organic
ACC-00072,2023-08-29,2023-08-01,FR,SaaS,1-10,Basic,Organic
ACC-00073,2024-05-01,2024-05-01,FR,MarTech,11-50,Enterprise,Paid Search
ACC-00074,2024-12-14,2024-12-01,UK,FinTech,1-10,Pro,Outbound
ACC-00075,2023-04-20,2023-04-01,CA,SaaS,51-200,Pro,Paid Search
ACC-00076,2024-07-24,2024-07-01,US,MarTech,11-50,Enterprise,Partner
ACC-00077,2024-07-26,2024-07-01,DE,HR Tech,51-200,Pro,Partner
ACC-00078,2024-05-31,2024-05-01,UK,Logistics,11-50,Basic,Outbound
ACC-00079,2024-04-05,2024-04-01,US,SaaS,11-50,Pro,Paid Search
ACC-00080,2024-10-03,2024-10-01,US,HealthTech,51-200,Basic,Organic
ACC-00081,2024-07-07,2024-07-01,US,SaaS,11-50,Basic,Organic
ACC-00082,2024-02-29,2024-02-01,UK,E-Commerce,11-50,Basic,Paid Search
ACC-00083,2024-08-21,2024-08-01,SE,SaaS,51-200,Pro,Paid Search
ACC-00084,2023-12-27,2023-12-01,US,FinTech,51-200,Enterprise,Paid Search
ACC-00085,2024-07-13,2024-07-01,AU,Logistics,11-50,Basic,Paid Search
ACC-00086,2024-02-03,2024-02-01,US,EdTech,11-50,Basic,Paid Search
ACC-00087,2023-05-11,2023-05-01,SE,E-Commerce,200+,Pro,Partner
ACC-00088,2023-03-27,2023-03-01,FR,SaaS,11-50,Basic,Paid Search
ACC-00089,2023-08-05,2023-08-01,UK,FinTech,51-200,Basic,Outbound
ACC-00090,2024-03-07,2024-03-01,US,SaaS,1-10,Pro,Outbound
ACC-00091,2023-12-25,2023-12-01,US,SaaS,200+,Basic,Organic
ACC-00092,2023-09-11,2023-09-01,US,SaaS,1-10,Basic,Partner
ACC-00093,2024-07-31,2024-07-01,SE,HealthTech,1-10,Basic,Paid Search
ACC-00094,2023-04-28,2023-04-01,CA,SaaS,11-50,Pro,Outbound
ACC-00095,2024-08-12,2024-08-01,FR,HR Tech,11-50,Pro,Organic
ACC-00096,2024-12-08,2024-12-01,AU,SaaS,51-200,Basic,Partner
ACC-00097,2023-05-04,2023-05-01,AU,E-Commerce,1-10,Pro,Partner
ACC-00098,2023-03-12,2023-03-01,DE,FinTech,51-200,Enterprise,Organic
ACC-00099,2024-01-06,2024-01-01,FR,MarTech,51-200,Basic,Partner
ACC-00100,2024-10-28,2024-10-01,US,MarTech,11-50,Pro,Paid Search
ACC-00101,2024-08-29,2024-08-01,US,Logistics,51-200,Basic,Outbound
ACC-00102,2023-09-07,2023-09-01,CA,E-Commerce,51-200,Basic,Paid Search
ACC-00103,2023-11-29,2023-11-01,US,SaaS,51-200,Basic,Outbound
ACC-00104,2024-12-19,2024-12-01,NL,E-Commerce,11-50,Basic,Organic
ACC-00105,2024-02-21,2024-02-01,UK,MarTech,51-200,Pro,Paid Search
ACC-00106,2023-01-18,2023-01-01,US,SaaS,51-200,Basic,Paid Search
ACC-00107,2024-04-29,2024-04-01,DE,FinTech,200+,Pro,Paid Search
ACC-00108,2024-04-09,2024-04-01,US,FinTech,1-10,Basic,Organic
ACC-00109,2024-07-02,2024-07-01,SE,EdTech,1-10,Pro,Organic
ACC-00110,2024-08-26,2024-08-01,SE,E-Commerce,1-10,Basic,Organic
ACC-00111,2023-08-21,2023-08-01,UK,FinTech,51-200,Basic,Organic
ACC-00112,2023-02-25,2023-02-01,DE,EdTech,1-10,Enterprise,Paid Search
ACC-00113,2023-01-13,2023-01-01,DE,HealthTech,11-50,Basic,Organic
ACC-00114,2024-05-04,2024-05-01,US,SaaS,11-50,Pro,Partner
ACC-00115,2023-06-05,2023-06-01,US,E-Commerce,11-50,Enterprise,Organic
ACC-00116,2024-03-02,2024-03-01,FR,MarTech,1-10,Pro,Paid Search
ACC-00117,2024-03-29,2024-03-01,US,E-Commerce,11-50,Pro,Organic
ACC-00118,2023-04-12,2023-04-01,SE,SaaS,1-10,Pro,Organic
ACC-00119,2023-06-27,2023-06-01,DE,SaaS,11-50,Pro,Paid Search
ACC-00120,2023-02-03,2023-02-01,US,EdTech,51-200,Pro,Partner
ACC-00121,2023-09-28,2023-09-01,AU,E-Commerce,51-200,Enterprise,Paid Search
ACC-00122,2024-07-11,2024-07-01,US,SaaS,1-10,Basic,Organic
ACC-00123,2023-11-11,2023-11-01,DE,MarTech,200+,Basic,Paid Search
ACC-00124,2023-11-08,2023-11-01,CA,HR Tech,11-50,Pro,Organic
ACC-00125,2023-02-10,2023-02-01,NL,EdTech,11-50,Basic,Organic
ACC-00126,2024-11-21,2024-11-01,AU,E-Commerce,200+,Enterprise,Partner
ACC-00127,2023-10-03,2023-10-01,DE,MarTech,1-10,Pro,Paid Search
ACC-00128,2023-10-12,2023-10-01,US,E-Commerce,11-50,Pro,Organic
ACC-00129,2023-12-23,2023-12-01,UK,FinTech,1-10,Basic,Paid Search
ACC-00130,2024-05-22,2024-05-01,US,HR Tech,51-200,Pro,Paid Search
ACC-00131,2023-11-19,2023-11-01,US,SaaS,51-200,Enterprise,Partner
ACC-00132,2023-01-02,2023-01-01,FR,E-Commerce,11-50,Basic,Paid Search
ACC-00133,2024-05-25,2024-05-01,FR,MarTech,1-10,Pro,Outbound
ACC-00134,2024-03-24,2024-03-01,NL,HealthTech,1-10,Pro,Partner
ACC-00135,2024-12-27,2024-12-01,US,E-Commerce,11-50,Basic,Outbound
ACC-00136,2023-04-27,2023-04-01,UK,SaaS,51-200,Pro,Partner
ACC-00137,2024-06-05,2024-06-01,CA,HealthTech,11-50,Pro,Paid Search
ACC-00138,2023-05-29,2023-05-01,UK,Logistics,11-50,Enterprise,Outbound
ACC-00139,2023-10-10,2023-10-01,CA,Logistics,11-50,Pro,Organic
ACC-00140,2023-01-03,2023-01-01,US,FinTech,11-50,Enterprise,Paid Search
ACC-00141,2023-06-02,2023-06-01,UK,HealthTech,11-50,Pro,Paid Search
ACC-00142,2023-11-26,2023-11-01,NL,HR Tech,1-10,Basic,Outbound
ACC-00143,2024-02-25,2024-02-01,US,EdTech,51-200,Enterprise,Paid Search
ACC-00144,2024-11-10,2024-11-01,AU,EdTech,1-10,Enterprise,Organic
ACC-00145,2024-08-27,2024-08-01,US,SaaS,51-200,Basic,Outbound
ACC-00146,2023-01-16,2023-01-01,CA,HealthTech,51-200,Basic,Paid Search
ACC-00147,2023-09-29,2023-09-01,US,EdTech,11-50,Enterprise,Outbound
ACC-00148,2024-06-30,2024-06-01,UK,FinTech,51-200,Pro,Outbound
ACC-00149,2023-02-06,2023-02-01,FR,SaaS,51-200,Basic,Organic
ACC-00150,2023-04-03,2023-04-01,UK,SaaS,11-50,Enterprise,Paid Search
ACC-00151,2024-12-11,2024-12-01,US,SaaS,11-50,Basic,Paid Search
ACC-00152,2024-03-17,2024-03-01,US,E-Commerce,11-50,Pro,Organic
ACC-00153,2023-03-22,2023-03-01,FR,FinTech,51-200,Pro,Paid Search
ACC-00154,2023-08-26,2023-08-01,UK,FinTech,1-10,Basic,Partner
ACC-00155,2023-10-22,2023-10-01,FR,SaaS,11-50,Basic,Paid Search
ACC-00156,2024-10-16,2024-10-01,SE,EdTech,11-50,Basic,Outbound
ACC-00157,2024-05-09,2024-05-01,US,FinTech,11-50,Basic,Partner
ACC-00158,2023-01-23,2023-01-01,SE,EdTech,1-10,Pro,Partner
ACC-00159,2023-02-20,2023-02-01,NL,EdTech,51-200,Enterprise,Partner
ACC-00160,2023-08-24,2023-08-01,FR,FinTech,11-50,Pro,Partner
ACC-00161,2024-11-06,2024-11-01,CA,SaaS,1-10,Pro,Organic
ACC-00162,2024-03-27,2024-03-01,US,FinTech,1-10,Enterprise,Organic
ACC-00163,2024-03-01,2024-03-01,US,SaaS,11-50,Enterprise,Paid Search
ACC-00164,2023-10-07,2023-10-01,AU,FinTech,51-200,Pro,Partner
ACC-00165,2023-12-13,2023-12-01,AU,HealthTech,1-10,Pro,Organic
ACC-00166,2024-11-23,2024-11-01,CA,HR Tech,200+,Enterprise,Paid Search
ACC-00167,2024-02-09,2024-02-01,US,E-Commerce,11-50,Pro,Partner
ACC-00168,2024-08-21,2024-08-01,UK,E-Commerce,11-50,Pro,Paid Search
ACC-00169,2024-09-26,2024-09-01,NL,E-Commerce,200+,Basic,Organic
ACC-00170,2024-04-20,2024-04-01,NL,FinTech,11-50,Basic,Outbound
ACC-00171,2023-11-08,2023-11-01,SE,SaaS,1-10,Pro,Paid Search
ACC-00172,2024-01-15,2024-01-01,FR,EdTech,200+,Basic,Partner
ACC-00173,2023-06-08,2023-06-01,NL,EdTech,51-200,Pro,Outbound
ACC-00174,2023-10-14,2023-10-01,US,FinTech,11-50,Enterprise,Outbound
ACC-00175,2023-04-12,2023-04-01,SE,FinTech,200+,Pro,Organic
ACC-00176,2023-10-10,2023-10-01,US,SaaS,51-200,Pro,Partner
ACC-00177,2024-10-19,2024-10-01,FR,HR Tech,1-10,Basic,Outbound
ACC-00178,2024-08-01,2024-08-01,US,MarTech,11-50,Pro,Partner
ACC-00179,2023-08-27,2023-08-01,US,SaaS,200+,Basic,Outbound
ACC-00180,2023-05-29,2023-05-01,SE,E-Commerce,51-200,Basic,Outbound
ACC-00181,2023-05-15,2023-05-01,US,MarTech,1-10,Basic,Organic
ACC-00182,2023-02-23,2023-02-01,US,HealthTech,1-10,Basic,Paid Search
ACC-00183,2024-01-06,2024-01-01,DE,SaaS,11-50,Enterprise,Organic
ACC-00184,2024-11-05,2024-11-01,DE,HealthTech,200+,Basic,Paid Search
ACC-00185,2024-02-16,2024-02-01,UK,SaaS,51-200,Basic,Outbound
ACC-00186,2023-11-26,2023-11-01,FR,SaaS,1-10,Pro,Paid Search
ACC-00187,2023-11-29,2023-11-01,UK,E-Commerce,1-10,Pro,Paid Search
ACC-00188,2024-12-19,2024-12-01,US,EdTech,51-200,Pro,Outbound
ACC-00189,2024-03-16,2024-03-01,UK,SaaS,11-50,Pro,Paid Search
ACC-00190,2023-04-08,2023-04-01,US,FinTech,1-10,Enterprise,Partner
ACC-00191,2024-04-30,2024-04-01,US,MarTech,1-10,Basic,Partner
ACC-00192,2023-05-14,2023-05-01,DE,E-Commerce,11-50,Basic,Organic
ACC-00193,2023-12-29,2023-12-01,NL,HR Tech,11-50,Enterprise,Organic
ACC-00194,2023-10-22,2023-10-01,FR,FinTech,11-50,Basic,Partner
ACC-00195,2023-08-18,2023-08-01,AU,FinTech,11-50,Basic,Organic
ACC-00196,2023-08-20,2023-08-01,AU,MarTech,200+,Enterprise,Paid Search
ACC-00197,2024-10-20,2024-10-01,DE,E-Commerce,51-200,Pro,Organic
ACC-00198,2023-10-07,2023-10-01,CA,FinTech,11-50,Basic,Outbound
ACC-00199,2024-08-02,2024-08-01,FR,SaaS,51-200,Enterprise,Organic
ACC-00200,2024-06-27,2024-06-01,US,HealthTech,11-50,Basic,Partner
ACC-00201,2024-08-04,2024-08-01,DE,Logistics,1-10,Pro,Organic
ACC-00202,2023-03-25,2023-03-01,US,EdTech,11-50,Basic,Organic
ACC-00203,2024-06-08,2024-06-01,US,HealthTech,1-10,Pro,Paid Search
ACC-00204,2024-11-14,2024-11-01,US,SaaS,200+,Basic,Organic
ACC-00205,2023-08-05,2023-08-01,CA,MarTech,1-10,Basic,Paid Search
ACC-00206,2024-03-16,2024-03-01,US,FinTech,51-200,Pro,Partner
ACC-00207,2023-12-29,2023-12-01,US,Logistics,1-10,Basic,Outbound
ACC-00208,2023-11-17,2023-11-01,DE,E-Commerce,51-200,Basic,Organic
ACC-00209,2023-01-22,2023-01-01,SE,SaaS,200+,Pro,Partner
ACC-00210,2024-01-06,2024-01-01,US,MarTech,1-10,Pro,Paid Search
ACC-00211,2024-02-10,2024-02-01,NL,EdTech,1-10,Pro,Organic
ACC-00212,2024-10-10,2024-10-01,US,E-Commerce,200+,Basic,Partner
ACC-00213,2024-10-22,2024-10-01,AU,SaaS,1-10,Basic,Paid Search
ACC-00214,2024-11-02,2024-11-01,US,HR Tech,11-50,Pro,Paid Search
ACC-00215,2024-08-16,2024-08-01,UK,Logistics,11-50,Pro,Paid Search
ACC-00216,2024-10-04,2024-10-01,US,HealthTech,11-50,Pro,Partner
ACC-00217,2024-08-28,2024-08-01,US,E-Commerce,11-50,Pro,Organic
ACC-00218,2023-10-21,2023-10-01,US,Logistics,51-200,Pro,Paid Search
ACC-00219,2024-04-18,2024-04-01,DE,HR Tech,51-200,Basic,Outbound
ACC-00220,2024-08-08,2024-08-01,FR,FinTech,11-50,Basic,Organic
ACC-00221,2023-04-16,2023-04-01,AU,MarTech,200+,Basic,Paid Search
ACC-00222,2023-02-10,2023-02-01,US,HealthTech,11-50,Pro,Organic
ACC-00223,2024-01-17,2024-01-01,NL,FinTech,51-200,Pro,Organic
ACC-00224,2024-10-08,2024-10-01,FR,SaaS,1-10,Pro,Organic
ACC-00225,2024-11-03,2024-11-01,SE,E-Commerce,1-10,Basic,Partner
ACC-00226,2023-12-25,2023-12-01,US,EdTech,51-200,Basic,Partner
ACC-00227,2023-03-28,2023-03-01,US,FinTech,51-200,Enterprise,Partner
ACC-00228,2024-12-02,2024-12-01,NL,SaaS,51-200,Pro,Organic
ACC-00229,2023-11-13,2023-11-01,US,SaaS,200+,Pro,Organic
ACC-00230,2023-05-21,2023-05-01,US,FinTech,51-200,Pro,Paid Search
ACC-00231,2024-06-23,2024-06-01,US,FinTech,51-200,Basic,Paid Search
ACC-00232,2023-06-16,2023-06-01,US,EdTech,11-50,Enterprise,Partner
ACC-00233,2023-02-14,2023-02-01,UK,EdTech,1-10,Basic,Organic
ACC-00234,2024-04-04,2024-04-01,US,SaaS,200+,Pro,Outbound
ACC-00235,2023-07-18,2023-07-01,UK,HR Tech,200+,Pro,Organic
ACC-00236,2024-01-27,2024-01-01,DE,HealthTech,1-10,Basic,Paid Search
ACC-00237,2023-09-14,2023-09-01,US,HealthTech,11-50,Enterprise,Partner
ACC-00238,2024-06-12,2024-06-01,NL,FinTech,51-200,Basic,Outbound
ACC-00239,2023-05-31,2023-05-01,AU,SaaS,200+,Enterprise,Outbound
ACC-00240,2023-01-28,2023-01-01,UK,FinTech,11-50,Basic,Organic
ACC-00241,2023-08-18,2023-08-01,US,HR Tech,51-200,Pro,Partner
ACC-00242,2023-05-21,2023-05-01,US,Logistics,11-50,Enterprise,Partner
ACC-00243,2024-04-25,2024-04-01,UK,SaaS,1-10,Basic,Partner
ACC-00244,2024-07-15,2024-07-01,SE,E-Commerce,11-50,Pro,Organic
ACC-00245,2023-05-05,2023-05-01,US,HealthTech,51-200,Pro,Organic
ACC-00246,2024-05-26,2024-05-01,DE,SaaS,11-50,Basic,Organic
ACC-00247,2024-03-15,2024-03-01,US,FinTech,11-50,Basic,Partner
ACC-00248,2024-06-20,2024-06-01,SE,SaaS,11-50,Pro,Outbound
ACC-00249,2024-07-21,2024-07-01,US,Logistics,1-10,Basic,Paid Search
ACC-00250,2023-01-17,2023-01-01,UK,SaaS,1-10,Pro,Organic
ACC-00251,2024-08-18,2024-08-01,CA,FinTech,1-10,Pro,Partner
ACC-00252,2023-06-29,2023-06-01,AU,EdTech,200+,Pro,Organic
ACC-00253,2023-05-19,2023-05-01,US,MarTech,11-50,Basic,Organic
ACC-00254,2023-07-24,2023-07-01,NL,FinTech,11-50,Basic,Partner
ACC-00255,2024-04-29,2024-04-01,US,MarTech,1-10,Basic,Partner
ACC-00256,2024-11-02,2024-11-01,US,SaaS,11-50,Enterprise,Partner
ACC-00257,2024-01-31,2024-01-01,US,SaaS,51-200,Basic,Partner
ACC-00258,2023-10-01,2023-10-01,AU,EdTech,1-10,Pro,Partner
ACC-00259,2024-07-12,2024-07-01,US,SaaS,11-50,Basic,Paid Search
ACC-00260,2024-03-12,2024-03-01,US,HealthTech,11-50,Pro,Outbound
ACC-00261,2024-09-21,2024-09-01,SE,FinTech,200+,Enterprise,Organic
ACC-00262,2024-10-14,2024-10-01,UK,E-Commerce,51-200,Basic,Organic
ACC-00263,2024-09-14,2024-09-01,FR,HealthTech,1-10,Basic,Paid Search
ACC-00264,2024-01-06,2024-01-01,UK,E-Commerce,11-50,Pro,Outbound
ACC-00265,2024-01-16,2024-01-01,UK,SaaS,1-10,Basic,Organic
ACC-00266,2023-10-13,2023-10-01,US,SaaS,51-200,Pro,Paid Search
ACC-00267,2024-07-29,2024-07-01,US,MarTech,51-200,Basic,Paid Search
ACC-00268,2024-12-11,2024-12-01,NL,HealthTech,1-10,Enterprise,Paid Search
ACC-00269,2024-12-31,2024-12-01,UK,SaaS,51-200,Enterprise,Organic
ACC-00270,2023-12-22,2023-12-01,CA,E-Commerce,1-10,Basic,Organic
ACC-00271,2024-12-27,2024-12-01,NL,E-Commerce,51-200,Pro,Organic
ACC-00272,2023-07-25,2023-07-01,AU,SaaS,11-50,Basic,Paid Search
ACC-00273,2024-04-23,2024-04-01,AU,E-Commerce,11-50,Basic,Organic
ACC-00274,2024-05-05,2024-05-01,DE,MarTech,51-200,Basic,Outbound
ACC-00275,2024-10-19,2024-10-01,US,HealthTech,11-50,Basic,Partner
ACC-00276,2024-07-18,2024-07-01,FR,SaaS,200+,Basic,Outbound
ACC-00277,2023-02-26,2023-02-01,AU,E-Commerce,11-50,Basic,Outbound
ACC-00278,2023-08-19,2023-08-01,US,HR Tech,51-200,Enterprise,Organic
ACC-00279,2024-10-12,2024-10-01,SE,FinTech,11-50,Pro,Organic
ACC-00280,2024-10-18,2024-10-01,US,HR Tech,1-10,Pro,Partner
ACC-00281,2024-09-11,2024-09-01,US,Logistics,1-10,Enterprise,Organic
ACC-00282,2024-10-18,2024-10-01,CA,FinTech,1-10,Pro,Paid Search
ACC-00283,2023-02-01,2023-02-01,UK,E-Commerce,1-10,Enterprise,Paid Search
ACC-00284,2024-12-02,2024-12-01,UK,HealthTech,51-200,Basic,Paid Search
ACC-00285,2024-04-20,2024-04-01,US,E-Commerce,11-50,Pro,Partner
ACC-00286,2023-12-20,2023-12-01,SE,SaaS,11-50,Pro,Organic
ACC-00287,2024-04-22,2024-04-01,US,HealthTech,1-10,Basic,Outbound
ACC-00288,2024-09-22,2024-09-01,UK,HR Tech,200+,Enterprise,Outbound
ACC-00289,2023-11-17,2023-11-01,US,SaaS,200+,Pro,Outbound
ACC-00290,2024-05-24,2024-05-01,US,HR Tech,11-50,Enterprise,Organic
ACC-00291,2023-12-28,2023-12-01,US,FinTech,11-50,Enterprise,Partner
ACC-00292,2023-10-20,2023-10-01,DE,MarTech,11-50,Enterprise,Partner
ACC-00293,2024-02-17,2024-02-01,UK,HealthTech,11-50,Basic,Paid Search
ACC-00294,2023-03-17,2023-03-01,UK,HealthTech,11-50,Enterprise,Paid Search
ACC-00295,2024-09-17,2024-09-01,US,HR Tech,11-50,Pro,Organic
ACC-00296,2024-01-10,2024-01-01,CA,SaaS,11-50,Pro,Organic
ACC-00297,2023-05-21,2023-05-01,CA,MarTech,11-50,Basic,Outbound
ACC-00298,2023-05-24,2023-05-01,US,E-Commerce,1-10,Enterprise,Partner
ACC-00299,2023-11-03,2023-11-01,DE,E-Commerce,11-50,Pro,Paid Search
ACC-00300,2024-05-01,2024-05-01,AU,FinTech,51-200,Enterprise,Paid Search
ACC-00301,2024-12-05,2024-12-01,FR,E-Commerce,1-10,Pro,Outbound
ACC-00302,2024-08-15,2024-08-01,DE,EdTech,11-50,Basic,Paid Search
ACC-00303,2024-09-26,2024-09-01,CA,FinTech,51-200,Basic,Paid Search
ACC-00304,2024-12-18,2024-12-01,US,SaaS,11-50,Basic,Partner
ACC-00305,2024-02-25,2024-02-01,DE,E-Commerce,11-50,Enterprise,Partner
ACC-00306,2024-12-23,2024-12-01,US,SaaS,11-50,Pro,Paid Search
ACC-00307,2023-11-18,2023-11-01,SE,HealthTech,11-50,Pro,Partner
ACC-00308,2024-11-28,2024-11-01,FR,EdTech,11-50,Basic,Organic
ACC-00309,2024-07-25,2024-07-01,US,HR Tech,200+,Pro,Partner
ACC-00310,2024-12-07,2024-12-01,CA,FinTech,11-50,Enterprise,Partner
ACC-00311,2023-10-08,2023-10-01,US,E-Commerce,11-50,Enterprise,Paid Search
ACC-00312,2023-12-20,2023-12-01,SE,MarTech,1-10,Basic,Partner
ACC-00313,2023-12-21,2023-12-01,NL,EdTech,51-200,Basic,Partner
ACC-00314,2023-10-05,2023-10-01,SE,EdTech,1-10,Pro,Paid Search
ACC-00315,2023-09-06,2023-09-01,US,Logistics,1-10,Basic,Organic
ACC-00316,2023-12-05,2023-12-01,CA,SaaS,51-200,Basic,Paid Search
ACC-00317,2023-06-11,2023-06-01,UK,HR Tech,51-200,Pro,Organic
ACC-00318,2023-10-22,2023-10-01,US,E-Commerce,200+,Basic,Paid Search
ACC-00319,2024-07-01,2024-07-01,CA,Logistics,1-10,Enterprise,Paid Search
ACC-00320,2023-06-30,2023-06-01,SE,SaaS,51-200,Pro,Organic
ACC-00321,2023-10-24,2023-10-01,NL,SaaS,11-50,Basic,Outbound
ACC-00322,2023-10-19,2023-10-01,UK,E-Commerce,11-50,Enterprise,Organic
ACC-00323,2024-05-31,2024-05-01,UK,SaaS,1-10,Basic,Paid Search
ACC-00324,2023-09-21,2023-09-01,CA,SaaS,11-50,Basic,Partner
ACC-00325,2023-07-17,2023-07-01,US,Logistics,51-200,Enterprise,Paid Search
ACC-00326,2023-03-30,2023-03-01,UK,SaaS,200+,Pro,Outbound
ACC-00327,2023-01-07,2023-01-01,US,SaaS,51-200,Enterprise,Organic
ACC-00328,2024-08-09,2024-08-01,US,EdTech,51-200,Basic,Organic
ACC-00329,2023-11-11,2023-11-01,US,EdTech,200+,Enterprise,Partner
ACC-00330,2024-12-07,2024-12-01,US,Logistics,1-10,Pro,Organic
ACC-00331,2023-05-17,2023-05-01,UK,HealthTech,200+,Basic,Partner
ACC-00332,2024-04-27,2024-04-01,CA,MarTech,51-200,Pro,Partner
ACC-00333,2024-09-02,2024-09-01,NL,SaaS,11-50,Pro,Organic
ACC-00334,2024-07-31,2024-07-01,US,MarTech,200+,Basic,Paid Search
ACC-00335,2023-06-18,2023-06-01,US,E-Commerce,1-10,Basic,Paid Search
ACC-00336,2023-04-04,2023-04-01,NL,HealthTech,1-10,Basic,Paid Search
ACC-00337,2024-07-31,2024-07-01,US,HealthTech,51-200,Pro,Paid Search
ACC-00338,2023-01-04,2023-01-01,CA,E-Commerce,1-10,Basic,Organic
ACC-00339,2023-03-03,2023-03-01,SE,SaaS,200+,Basic,Paid Search
ACC-00340,2023-05-19,2023-05-01,CA,HR Tech,11-50,Basic,Outbound
ACC-00341,2024-01-27,2024-01-01,UK,Logistics,11-50,Basic,Outbound
ACC-00342,2024-07-06,2024-07-01,US,Logistics,1-10,Enterprise,Paid Search
ACC-00343,2023-05-11,2023-05-01,CA,SaaS,1-10,Basic,Organic
ACC-00344,2024-11-20,2024-11-01,CA,HealthTech,11-50,Basic,Paid Search
ACC-00345,2023-06-08,2023-06-01,US,HR Tech,51-200,Basic,Partner
ACC-00346,2024-03-05,2024-03-01,FR,HR Tech,51-200,Basic,Organic
ACC-00347,2024-08-31,2024-08-01,US,E-Commerce,51-200,Basic,Partner
ACC-00348,2024-02-16,2024-02-01,UK,E-Commerce,51-200,Pro,Organic
ACC-00349,2023-10-24,2023-10-01,US,Logistics,11-50,Pro,Partner
ACC-00350,2023-11-25,2023-11-01,US,Logistics,200+,Pro,Paid Search
ACC-00351,2023-10-09,2023-10-01,US,HR Tech,51-200,Enterprise,Paid Search
ACC-00352,2024-03-13,2024-03-01,DE,SaaS,11-50,Pro,Paid Search
ACC-00353,2024-06-21,2024-06-01,US,HealthTech,1-10,Basic,Partner
ACC-00354,2024-04-29,2024-04-01,US,SaaS,51-200,Basic,Paid Search
ACC-00355,2023-03-01,2023-03-01,DE,HR Tech,11-50,Basic,Organic
ACC-00356,2023-07-28,2023-07-01,US,SaaS,11-50,Basic,Paid Search
ACC-00357,2023-07-15,2023-07-01,US,FinTech,11-50,Basic,Organic
ACC-00358,2024-08-24,2024-08-01,CA,E-Commerce,11-50,Enterprise,Organic
ACC-00359,2023-01-16,2023-01-01,US,SaaS,51-200,Pro,Partner
ACC-00360,2023-09-06,2023-09-01,CA,EdTech,11-50,Basic,Organic
ACC-00361,2023-10-17,2023-10-01,UK,E-Commerce,11-50,Basic,Paid Search
ACC-00362,2024-05-24,2024-05-01,UK,MarTech,51-200,Pro,Organic
ACC-00363,2023-07-28,2023-07-01,UK,HealthTech,11-50,Basic,Organic
ACC-00364,2023-09-25,2023-09-01,DE,E-Commerce,51-200,Basic,Organic
ACC-00365,2023-08-24,2023-08-01,UK,MarTech,11-50,Pro,Partner
ACC-00366,2023-09-21,2023-09-01,CA,HealthTech,51-200,Pro,Paid Search
ACC-00367,2023-12-27,2023-12-01,US,EdTech,11-50,Enterprise,Paid Search
ACC-00368,2024-10-19,2024-10-01,SE,E-Commerce,51-200,Basic,Partner
ACC-00369,2023-02-19,2023-02-01,CA,HealthTech,51-200,Basic,Partner
ACC-00370,2023-01-10,2023-01-01,US,HealthTech,1-10,Pro,Outbound
ACC-00371,2024-05-09,2024-05-01,FR,SaaS,11-50,Basic,Organic
ACC-00372,2023-10-09,2023-10-01,DE,FinTech,11-50,Pro,Paid Search
ACC-00373,2023-07-03,2023-07-01,US,SaaS,1-10,Basic,Paid Search
ACC-00374,2023-12-29,2023-12-01,US,FinTech,11-50,Basic,Paid Search
ACC-00375,2024-12-14,2024-12-01,US,EdTech,51-200,Pro,Outbound
ACC-00376,2023-02-02,2023-02-01,US,FinTech,11-50,Basic,Organic
ACC-00377,2023-06-25,2023-06-01,US,MarTech,11-50,Basic,Outbound
ACC-00378,2023-04-08,2023-04-01,NL,Logistics,1-10,Enterprise,Partner
ACC-00379,2024-08-03,2024-08-01,UK,SaaS,1-10,Enterprise,Outbound
ACC-00380,2024-07-31,2024-07-01,FR,SaaS,51-200,Basic,Organic
ACC-00381,2023-05-28,2023-05-01,CA,EdTech,11-50,Basic,Organic
ACC-00382,2023-09-04,2023-09-01,DE,MarTech,51-200,Pro,Paid Search
ACC-00383,2023-05-24,2023-05-01,AU,EdTech,1-10,Pro,Organic
ACC-00384,2023-04-11,2023-04-01,UK,MarTech,11-50,Pro,Outbound
ACC-00385,2024-02-11,2024-02-01,SE,FinTech,11-50,Pro,Paid Search
ACC-00386,2023-08-22,2023-08-01,UK,HR Tech,11-50,Pro,Partner
ACC-00387,2023-03-29,2023-03-01,CA,FinTech,1-10,Basic,Organic
ACC-00388,2024-01-25,2024-01-01,CA,E-Commerce,51-200,Basic,Organic
ACC-00389,2023-01-06,2023-01-01,SE,HealthTech,51-200,Basic,Organic
ACC-00390,2024-03-17,2024-03-01,UK,E-Commerce,11-50,Basic,Paid Search
ACC-00391,2023-04-06,2023-04-01,DE,MarTech,51-200,Basic,Paid Search
ACC-00392,2023-03-28,2023-03-01,CA,E-Commerce,200+,Basic,Paid Search
ACC-00393,2024-12-02,2024-12-01,UK,SaaS,11-50,Pro,Organic
ACC-00394,2024-03-21,2024-03-01,US,FinTech,51-200,Basic,Outbound
ACC-00395,2024-10-02,2024-10-01,UK,E-Commerce,11-50,Basic,Organic
ACC-00396,2024-02-10,2024-02-01,US,E-Commerce,51-200,Basic,Organic
ACC-00397,2024-10-28,2024-10-01,SE,SaaS,11-50,Enterprise,Organic
ACC-00398,2023-11-18,2023-11-01,US,FinTech,11-50,Pro,Paid Search
ACC-00399,2024-08-12,2024-08-01,AU,FinTech,1-10,Pro,Paid Search
ACC-00400,2024-07-31,2024-07-01,US,HR Tech,1-10,Pro,Organic
ACC-00401,2024-04-17,2024-04-01,SE,SaaS,51-200,Enterprise,Organic
ACC-00402,2024-02-23,2024-02-01,FR,SaaS,11-50,Basic,Organic
ACC-00403,2024-03-09,2024-03-01,AU,SaaS,200+,Pro,Paid Search
ACC-00404,2024-06-02,2024-06-01,NL,Logistics,11-50,Basic,Outbound
ACC-00405,2024-12-19,2024-12-01,NL,E-Commerce,11-50,Basic,Partner
ACC-00406,2024-11-04,2024-11-01,FR,SaaS,11-50,Pro,Paid Search
ACC-00407,2024-10-24,2024-10-01,UK,MarTech,200+,Basic,Organic
ACC-00408,2023-09-22,2023-09-01,US,EdTech,11-50,Pro,Organic
ACC-00409,2024-01-19,2024-01-01,UK,MarTech,11-50,Pro,Organic
ACC-00410,2023-01-26,2023-01-01,UK,FinTech,200+,Basic,Partner
ACC-00411,2023-05-26,2023-05-01,US,FinTech,51-200,Pro,Organic
ACC-00412,2023-04-10,2023-04-01,UK,EdTech,11-50,Basic,Partner
ACC-00413,2023-04-28,2023-04-01,US,FinTech,1-10,Enterprise,Outbound
ACC-00414,2023-09-07,2023-09-01,DE,E-Commerce,11-50,Basic,Paid Search
ACC-00415,2024-02-19,2024-02-01,FR,SaaS,51-200,Basic,Partner
ACC-00416,2023-07-22,2023-07-01,UK,HealthTech,1-10,Basic,Organic
ACC-00417,2024-12-21,2024-12-01,AU,SaaS,1-10,Enterprise,Organic
ACC-00418,2023-11-30,2023-11-01,US,SaaS,51-200,Pro,Outbound
ACC-00419,2023-11-17,2023-11-01,DE,E-Commerce,11-50,Basic,Partner
ACC-00420,2024-09-24,2024-09-01,US,EdTech,51-200,Enterprise,Paid Search
ACC-00421,2024-11-19,2024-11-01,US,SaaS,11-50,Basic,Partner
ACC-00422,2024-06-07,2024-06-01,UK,E-Commerce,11-50,Basic,Paid Search
ACC-00423,2024-07-04,2024-07-01,CA,E-Commerce,200+,Pro,Paid Search
ACC-00424,2023-05-24,2023-05-01,US,MarTech,11-50,Enterprise,Outbound
ACC-00425,2024-05-11,2024-05-01,US,MarTech,200+,Pro,Paid Search
ACC-00426,2024-12-02,2024-12-01,UK,EdTech,11-50,Basic,Paid Search
ACC-00427,2023-08-14,2023-08-01,US,FinTech,11-50,Basic,Paid Search
ACC-00428,2024-05-22,2024-05-01,DE,SaaS,1-10,Pro,Partner
ACC-00429,2024-01-11,2024-01-01,DE,MarTech,51-200,Basic,Organic
ACC-00430,2024-03-11,2024-03-01,US,MarTech,51-200,Basic,Outbound
ACC-00431,2024-04-05,2024-04-01,US,Logistics,1-10,Enterprise,Organic
ACC-00432,2023-08-31,2023-08-01,US,EdTech,51-200,Enterprise,Paid Search
ACC-00433,2024-03-14,2024-03-01,US,SaaS,1-10,Basic,Organic
ACC-00434,2023-12-26,2023-12-01,DE,E-Commerce,1-10,Enterprise,Organic
ACC-00435,2024-08-09,2024-08-01,US,Logistics,200+,Pro,Organic
ACC-00436,2024-02-26,2024-02-01,NL,HR Tech,51-200,Basic,Outbound
ACC-00437,2023-09-13,2023-09-01,US,FinTech,1-10,Enterprise,Paid Search
ACC-00438,2023-05-26,2023-05-01,DE,FinTech,11-50,Pro,Paid Search
ACC-00439,2023-04-06,2023-04-01,UK,EdTech,51-200,Enterprise,Paid Search
ACC-00440,2024-05-14,2024-05-01,US,SaaS,51-200,Pro,Partner
ACC-00441,2024-04-14,2024-04-01,FR,EdTech,51-200,Pro,Paid Search
ACC-00442,2024-03-15,2024-03-01,AU,HealthTech,11-50,Basic,Paid Search
ACC-00443,2023-05-14,2023-05-01,DE,HealthTech,11-50,Pro,Organic
ACC-00444,2023-04-12,2023-04-01,FR,MarTech,1-10,Enterprise,Organic
ACC-00445,2024-04-12,2024-04-01,US,HR Tech,1-10,Pro,Organic
ACC-00446,2024-10-27,2024-10-01,US,Logistics,51-200,Basic,Paid Search
ACC-00447,2023-03-26,2023-03-01,UK,Logistics,1-10,Basic,Organic
ACC-00448,2024-12-17,2024-12-01,CA,HealthTech,1-10,Basic,Organic
ACC-00449,2023-03-21,2023-03-01,US,SaaS,51-200,Basic,Partner
ACC-00450,2023-05-04,2023-05-01,SE,HealthTech,1-10,Basic,Paid Search
ACC-00451,2023-04-15,2023-04-01,US,FinTech,1-10,Basic,Partner
ACC-00452,2023-05-17,2023-05-01,FR,EdTech,1-10,Pro,Paid Search
ACC-00453,2023-06-18,2023-06-01,UK,EdTech,11-50,Basic,Paid Search
ACC-00454,2024-12-04,2024-12-01,UK,SaaS,51-200,Basic,Organic
ACC-00455,2024-01-29,2024-01-01,UK,HealthTech,51-200,Basic,Paid Search
ACC-00456,2023-09-12,2023-09-01,DE,E-Commerce,11-50,Pro,Partner
ACC-00457,2024-11-05,2024-11-01,NL,SaaS,11-50,Basic,Paid Search
ACC-00458,2024-10-23,2024-10-01,US,Logistics,200+,Pro,Organic
ACC-00459,2024-05-26,2024-05-01,FR,SaaS,51-200,Basic,Paid Search
ACC-00460,2023-11-21,2023-11-01,US,Logistics,11-50,Basic,Partner
ACC-00461,2024-04-27,2024-04-01,SE,MarTech,1-10,Basic,Organic
ACC-00462,2023-02-10,2023-02-01,NL,HR Tech,11-50,Basic,Partner
ACC-00463,2024-03-01,2024-03-01,UK,HealthTech,11-50,Pro,Organic
ACC-00464,2023-03-27,2023-03-01,US,E-Commerce,1-10,Enterprise,Paid Search
ACC-00465,2024-02-05,2024-02-01,DE,MarTech,11-50,Pro,Organic
ACC-00466,2024-03-23,2024-03-01,CA,MarTech,1-10,Basic,Paid Search
ACC-00467,2024-04-09,2024-04-01,FR,SaaS,51-200,Pro,Organic
ACC-00468,2023-01-13,2023-01-01,CA,EdTech,1-10,Enterprise,Paid Search
ACC-00469,2023-09-23,2023-09-01,US,SaaS,51-200,Basic,Outbound
ACC-00470,2023-01-31,2023-01-01,US,HealthTech,11-50,Basic,Outbound
ACC-00471,2024-10-04,2024-10-01,US,HealthTech,11-50,Pro,Paid Search
ACC-00472,2024-01-12,2024-01-01,US,MarTech,51-200,Pro,Organic
ACC-00473,2024-06-05,2024-06-01,US,Logistics,1-10,Basic,Paid Search
ACC-00474,2023-06-03,2023-06-01,US,HR Tech,1-10,Enterprise,Partner
ACC-00475,2024-11-02,2024-11-01,UK,FinTech,11-50,Pro,Organic
ACC-00476,2023-03-21,2023-03-01,DE,SaaS,51-200,Basic,Organic
ACC-00477,2024-06-12,2024-06-01,SE,HR Tech,1-10,Pro,Organic
ACC-00478,2023-11-15,2023-11-01,US,E-Commerce,1-10,Basic,Paid Search
ACC-00479,2023-11-08,2023-11-01,CA,SaaS,11-50,Enterprise,Outbound
ACC-00480,2023-07-20,2023-07-01,CA,E-Commerce,51-200,Basic,Outbound
ACC-00481,2023-01-25,2023-01-01,US,FinTech,51-200,Enterprise,Outbound
ACC-00482,2023-01-02,2023-01-01,CA,FinTech,51-200,Basic,Organic
ACC-00483,2023-09-01,2023-09-01,UK,HR Tech,200+,Basic,Organic
ACC-00484,2023-02-14,2023-02-01,NL,Logistics,11-50,Pro,Paid Search
ACC-00485,2023-03-28,2023-03-01,DE,E-Commerce,11-50,Basic,Paid Search
ACC-00486,2023-03-05,2023-03-01,UK,HR Tech,1-10,Basic,Organic
ACC-00487,2024-02-07,2024-02-01,CA,EdTech,11-50,Basic,Organic
ACC-00488,2023-07-27,2023-07-01,US,MarTech,1-10,Basic,Paid Search
ACC-00489,2023-11-18,2023-11-01,UK,E-Commerce,200+,Basic,Organic
ACC-00490,2023-09-29,2023-09-01,NL,SaaS,51-200,Basic,Partner
ACC-00491,2024-09-09,2024-09-01,US,MarTech,11-50,Basic,Organic
ACC-00492,2023-12-31,2023-12-01,UK,SaaS,1-10,Enterprise,Organic
ACC-00493,2024-02-19,2024-02-01,NL,E-Commerce,11-50,Basic,Organic
ACC-00494,2023-05-24,2023-05-01,US,SaaS,51-200,Basic,Organic
ACC-00495,2024-02-15,2024-02-01,UK,E-Commerce,11-50,Pro,Organic
ACC-00496,2023-03-18,2023-03-01,US,SaaS,200+,Basic,Organic
ACC-00497,2023-12-06,2023-12-01,US,HR Tech,1-10,Enterprise,Paid Search
ACC-00498,2024-02-09,2024-02-01,UK,FinTech,11-50,Basic,Outbound
ACC-00499,2023-10-09,2023-10-01,US,Logistics,1-10,Pro,Organic
ACC-00500,2023-10-30,2023-10-01,UK,Logistics,11-50,Basic,Paid Search
ACC-00501,2024-03-05,2024-03-01,US,Logistics,11-50,Pro,Partner
ACC-00502,2023-01-20,2023-01-01,SE,MarTech,11-50,Pro,Paid Search
ACC-00503,2024-08-02,2024-08-01,DE,FinTech,1-10,Basic,Organic
ACC-00504,2023-10-15,2023-10-01,US,HR Tech,11-50,Pro,Outbound
ACC-00505,2023-06-13,2023-06-01,US,EdTech,1-10,Enterprise,Outbound
ACC-00506,2023-02-27,2023-02-01,CA,HR Tech,11-50,Enterprise,Paid Search
ACC-00507,2023-06-27,2023-06-01,US,E-Commerce,51-200,Pro,Outbound
ACC-00508,2023-01-29,2023-01-01,CA,FinTech,11-50,Basic,Outbound
ACC-00509,2024-05-19,2024-05-01,DE,SaaS,1-10,Basic,Paid Search
ACC-00510,2023-01-21,2023-01-01,DE,SaaS,200+,Basic,Organic
ACC-00511,2023-07-01,2023-07-01,NL,MarTech,11-50,Basic,Paid Search
ACC-00512,2023-05-26,2023-05-01,CA,MarTech,51-200,Enterprise,Paid Search
ACC-00513,2024-11-09,2024-11-01,UK,SaaS,11-50,Basic,Organic
ACC-00514,2024-03-23,2024-03-01,AU,HR Tech,11-50,Basic,Outbound
ACC-00515,2024-12-11,2024-12-01,NL,E-Commerce,11-50,Pro,Partner
ACC-00516,2024-01-23,2024-01-01,US,EdTech,1-10,Pro,Outbound
ACC-00517,2024-08-09,2024-08-01,UK,HR Tech,200+,Basic,Paid Search
ACC-00518,2024-09-18,2024-09-01,US,E-Commerce,200+,Basic,Partner
ACC-00519,2023-09-01,2023-09-01,US,FinTech,11-50,Enterprise,Partner
ACC-00520,2024-11-17,2024-11-01,FR,Logistics,11-50,Basic,Organic
ACC-00521,2023-03-11,2023-03-01,UK,MarTech,51-200,Basic,Paid Search
ACC-00522,2024-03-05,2024-03-01,SE,Logistics,11-50,Basic,Paid Search
ACC-00523,2023-04-14,2023-04-01,AU,MarTech,11-50,Pro,Organic
ACC-00524,2024-04-07,2024-04-01,US,MarTech,1-10,Basic,Outbound
ACC-00525,2023-03-17,2023-03-01,US,Logistics,1-10,Basic,Outbound
ACC-00526,2023-04-06,2023-04-01,US,HR Tech,51-200,Pro,Paid Search
ACC-00527,2024-10-31,2024-10-01,US,Logistics,1-10,Basic,Organic
ACC-00528,2023-07-14,2023-07-01,UK,E-Commerce,200+,Pro,Partner
ACC-00529,2023-11-01,2023-11-01,US,SaaS,11-50,Enterprise,Organic
ACC-00530,2024-01-05,2024-01-01,US,SaaS,51-200,Pro,Paid Search
ACC-00531,2023-04-10,2023-04-01,US,SaaS,1-10,Basic,Partner
ACC-00532,2023-11-12,2023-11-01,AU,HealthTech,51-200,Basic,Paid Search
ACC-00533,2024-02-01,2024-02-01,US,Logistics,11-50,Basic,Organic
ACC-00534,2024-04-21,2024-04-01,US,MarTech,11-50,Basic,Partner
ACC-00535,2023-04-10,2023-04-01,US,FinTech,11-50,Enterprise,Paid Search
ACC-00536,2024-07-20,2024-07-01,US,FinTech,11-50,Enterprise,Partner
ACC-00537,2024-05-01,2024-05-01,DE,SaaS,1-10,Basic,Outbound
ACC-00538,2023-02-05,2023-02-01,DE,Logistics,51-200,Pro,Paid Search
ACC-00539,2023-05-04,2023-05-01,SE,HealthTech,200+,Basic,Organic
ACC-00540,2023-07-17,2023-07-01,US,HealthTech,200+,Basic,Outbound
ACC-00541,2024-10-04,2024-10-01,US,E-Commerce,11-50,Pro,Partner
ACC-00542,2023-03-31,2023-03-01,UK,FinTech,11-50,Basic,Paid Search
ACC-00543,2023-01-13,2023-01-01,AU,E-Commerce,11-50,Basic,Paid Search
ACC-00544,2023-06-01,2023-06-01,DE,E-Commerce,200+,Basic,Organic
ACC-00545,2023-04-14,2023-04-01,AU,Logistics,51-200,Enterprise,Organic
ACC-00546,2024-11-01,2024-11-01,UK,E-Commerce,1-10,Basic,Organic
ACC-00547,2024-09-15,2024-09-01,CA,HealthTech,11-50,Enterprise,Partner
ACC-00548,2023-02-20,2023-02-01,CA,Logistics,51-200,Basic,Partner
ACC-00549,2023-11-07,2023-11-01,US,MarTech,51-200,Pro,Outbound
ACC-00550,2023-08-22,2023-08-01,US,HR Tech,11-50,Enterprise,Organic
ACC-00551,2024-03-02,2024-03-01,FR,SaaS,11-50,Enterprise,Paid Search
ACC-00552,2024-05-11,2024-05-01,CA,Logistics,51-200,Pro,Organic
ACC-00553,2023-11-15,2023-11-01,CA,HealthTech,51-200,Pro,Paid Search
ACC-00554,2023-06-27,2023-06-01,US,MarTech,51-200,Basic,Paid Search
ACC-00555,2024-01-05,2024-01-01,CA,FinTech,51-200,Pro,Paid Search
ACC-00556,2023-05-07,2023-05-01,CA,SaaS,11-50,Basic,Outbound
ACC-00557,2024-04-30,2024-04-01,DE,FinTech,1-10,Enterprise,Partner
ACC-00558,2024-12-06,2024-12-01,US,SaaS,1-10,Enterprise,Partner
ACC-00559,2023-08-08,2023-08-01,NL,E-Commerce,51-200,Basic,Paid Search
ACC-00560,2023-01-21,2023-01-01,NL,HR Tech,51-200,Pro,Organic
ACC-00561,2023-06-27,2023-06-01,FR,SaaS,1-10,Enterprise,Organic
ACC-00562,2024-12-27,2024-12-01,FR,HealthTech,11-50,Basic,Organic
ACC-00563,2024-04-22,2024-04-01,US,E-Commerce,11-50,Pro,Organic
ACC-00564,2024-11-09,2024-11-01,SE,MarTech,11-50,Pro,Organic
ACC-00565,2024-12-01,2024-12-01,US,SaaS,200+,Pro,Outbound
ACC-00566,2023-09-25,2023-09-01,FR,HR Tech,51-200,Basic,Paid Search
ACC-00567,2023-09-04,2023-09-01,NL,MarTech,51-200,Pro,Partner
ACC-00568,2024-11-28,2024-11-01,US,SaaS,11-50,Basic,Outbound
ACC-00569,2024-02-19,2024-02-01,UK,SaaS,51-200,Pro,Organic
ACC-00570,2024-12-31,2024-12-01,US,E-Commerce,51-200,Enterprise,Partner
ACC-00571,2024-06-03,2024-06-01,US,SaaS,51-200,Pro,Organic
ACC-00572,2024-04-27,2024-04-01,US,FinTech,51-200,Pro,Organic
ACC-00573,2024-11-27,2024-11-01,NL,EdTech,1-10,Basic,Outbound
ACC-00574,2024-03-06,2024-03-01,AU,FinTech,1-10,Basic,Outbound
ACC-00575,2024-04-26,2024-04-01,US,E-Commerce,11-50,Pro,Paid Search
ACC-00576,2023-07-19,2023-07-01,DE,Logistics,11-50,Basic,Organic
ACC-00577,2023-06-04,2023-06-01,US,SaaS,11-50,Pro,Outbound
ACC-00578,2024-04-13,2024-04-01,US,Logistics,1-10,Basic,Organic
ACC-00579,2023-07-01,2023-07-01,US,SaaS,11-50,Basic,Partner
ACC-00580,2024-08-13,2024-08-01,CA,HealthTech,51-200,Basic,Paid Search
ACC-00581,2024-10-10,2024-10-01,UK,HealthTech,11-50,Basic,Paid Search
ACC-00582,2024-01-18,2024-01-01,SE,Logistics,51-200,Pro,Organic
ACC-00583,2023-01-05,2023-01-01,FR,SaaS,51-200,Basic,Organic
ACC-00584,2024-01-28,2024-01-01,DE,FinTech,1-10,Basic,Outbound
ACC-00585,2024-04-11,2024-04-01,CA,E-Commerce,11-50,Enterprise,Outbound
ACC-00586,2023-12-17,2023-12-01,SE,HealthTech,51-200,Basic,Outbound
ACC-00587,2024-02-18,2024-02-01,US,SaaS,200+,Basic,Organic
ACC-00588,2024-05-31,2024-05-01,US,FinTech,51-200,Basic,Outbound
ACC-00589,2023-09-19,2023-09-01,CA,E-Commerce,11-50,Basic,Organic
ACC-00590,2023-01-21,2023-01-01,US,SaaS,11-50,Basic,Organic
ACC-00591,2024-12-19,2024-12-01,US,EdTech,11-50,Basic,Partner
ACC-00592,2024-11-09,2024-11-01,DE,E-Commerce,51-200,Basic,Outbound
ACC-00593,2024-06-07,2024-06-01,CA,SaaS,1-10,Basic,Organic
ACC-00594,2023-07-24,2023-07-01,CA,MarTech,200+,Basic,Paid Search
ACC-00595,2023-06-14,2023-06-01,US,HealthTech,1-10,Enterprise,Organic
ACC-00596,2023-01-03,2023-01-01,US,SaaS,1-10,Pro,Paid Search
ACC-00597,2023-04-03,2023-04-01,CA,SaaS,51-200,Enterprise,Paid Search
ACC-00598,2024-04-12,2024-04-01,SE,FinTech,11-50,Basic,Organic
ACC-00599,2023-02-10,2023-02-01,NL,FinTech,51-200,Basic,Organic
ACC-00600,2023-02-16,2023-02-01,US,SaaS,11-50,Basic,Outbound
ACC-00601,2024-09-28,2024-09-01,US,EdTech,11-50,Basic,Organic
ACC-00602,2024-02-14,2024-02-01,SE,FinTech,11-50,Enterprise,Partner
ACC-00603,2024-10-26,2024-10-01,NL,SaaS,1-10,Pro,Outbound
ACC-00604,2023-06-13,2023-06-01,US,Logistics,11-50,Pro,Paid Search
ACC-00605,2024-09-17,2024-09-01,UK,FinTech,1-10,Pro,Partner
ACC-00606,2023-05-14,2023-05-01,UK,HealthTech,51-200,Basic,Organic
ACC-00607,2024-11-01,2024-11-01,US,EdTech,51-200,Pro,Paid Search
ACC-00608,2024-08-01,2024-08-01,US,HR Tech,51-200,Pro,Partner
ACC-00609,2024-09-25,2024-09-01,US,EdTech,1-10,Basic,Partner
ACC-00610,2024-01-30,2024-01-01,US,MarTech,51-200,Pro,Organic
ACC-00611,2023-06-10,2023-06-01,DE,HealthTech,11-50,Basic,Partner
ACC-00612,2023-11-25,2023-11-01,US,HR Tech,1-10,Basic,Paid Search
ACC-00613,2024-02-17,2024-02-01,AU,SaaS,11-50,Pro,Organic
ACC-00614,2024-05-25,2024-05-01,UK,SaaS,11-50,Pro,Organic
ACC-00615,2024-02-27,2024-02-01,US,E-Commerce,51-200,Pro,Outbound
ACC-00616,2024-10-14,2024-10-01,US,E-Commerce,1-10,Pro,Outbound
ACC-00617,2024-01-08,2024-01-01,AU,MarTech,51-200,Basic,Partner
ACC-00618,2024-09-06,2024-09-01,UK,EdTech,51-200,Basic,Partner
ACC-00619,2023-08-16,2023-08-01,US,FinTech,11-50,Pro,Paid Search
ACC-00620,2024-01-18,2024-01-01,CA,SaaS,1-10,Basic,Partner
ACC-00621,2024-02-24,2024-02-01,US,E-Commerce,1-10,Enterprise,Paid Search
ACC-00622,2024-04-13,2024-04-01,AU,SaaS,11-50,Pro,Organic
ACC-00623,2024-10-10,2024-10-01,AU,E-Commerce,51-200,Pro,Partner
ACC-00624,2024-05-31,2024-05-01,US,HealthTech,11-50,Basic,Outbound
ACC-00625,2024-08-22,2024-08-01,UK,E-Commerce,200+,Basic,Paid Search
ACC-00626,2023-05-12,2023-05-01,US,EdTech,11-50,Basic,Outbound
ACC-00627,2024-03-04,2024-03-01,SE,Logistics,51-200,Basic,Outbound
ACC-00628,2023-10-29,2023-10-01,UK,SaaS,11-50,Pro,Partner
ACC-00629,2023-11-03,2023-11-01,AU,E-Commerce,11-50,Pro,Paid Search
ACC-00630,2023-08-11,2023-08-01,US,E-Commerce,1-10,Basic,Partner
ACC-00631,2024-12-28,2024-12-01,FR,HR Tech,11-50,Pro,Organic
ACC-00632,2023-04-29,2023-04-01,CA,E-Commerce,11-50,Enterprise,Partner
ACC-00633,2024-11-21,2024-11-01,CA,MarTech,1-10,Enterprise,Partner
ACC-00634,2024-06-19,2024-06-01,US,FinTech,1-10,Basic,Organic
ACC-00635,2023-06-14,2023-06-01,SE,EdTech,1-10,Basic,Partner
ACC-00636,2023-07-28,2023-07-01,CA,SaaS,51-200,Basic,Outbound
ACC-00637,2024-07-29,2024-07-01,NL,EdTech,11-50,Basic,Partner
ACC-00638,2024-12-13,2024-12-01,US,EdTech,200+,Basic,Outbound
ACC-00639,2024-12-02,2024-12-01,US,E-Commerce,1-10,Basic,Paid Search
ACC-00640,2024-03-29,2024-03-01,AU,Logistics,51-200,Pro,Partner
ACC-00641,2024-07-13,2024-07-01,CA,SaaS,51-200,Basic,Paid Search
ACC-00642,2024-11-30,2024-11-01,US,HR Tech,51-200,Basic,Organic
ACC-00643,2023-10-13,2023-10-01,DE,SaaS,11-50,Basic,Organic
ACC-00644,2024-12-27,2024-12-01,SE,SaaS,200+,Pro,Partner
ACC-00645,2024-10-02,2024-10-01,FR,EdTech,11-50,Pro,Paid Search
ACC-00646,2024-12-25,2024-12-01,US,SaaS,1-10,Basic,Paid Search
ACC-00647,2024-03-01,2024-03-01,DE,HealthTech,11-50,Enterprise,Partner
ACC-00648,2023-12-06,2023-12-01,UK,SaaS,51-200,Pro,Outbound
ACC-00649,2024-10-26,2024-10-01,US,EdTech,11-50,Enterprise,Paid Search
ACC-00650,2024-09-28,2024-09-01,US,SaaS,51-200,Basic,Partner
ACC-00651,2023-04-27,2023-04-01,UK,E-Commerce,1-10,Enterprise,Partner
ACC-00652,2024-01-19,2024-01-01,DE,E-Commerce,11-50,Basic,Partner
ACC-00653,2023-11-25,2023-11-01,DE,HR Tech,1-10,Enterprise,Paid Search
ACC-00654,2023-01-08,2023-01-01,FR,SaaS,11-50,Basic,Partner
ACC-00655,2023-04-17,2023-04-01,US,MarTech,51-200,Pro,Paid Search
ACC-00656,2023-03-15,2023-03-01,CA,SaaS,11-50,Basic,Organic
ACC-00657,2023-02-25,2023-02-01,US,FinTech,1-10,Enterprise,Outbound
ACC-00658,2024-02-22,2024-02-01,UK,E-Commerce,11-50,Basic,Partner
ACC-00659,2024-07-01,2024-07-01,US,EdTech,1-10,Pro,Organic
ACC-00660,2023-03-16,2023-03-01,UK,E-Commerce,1-10,Pro,Paid Search
ACC-00661,2023-10-16,2023-10-01,CA,HealthTech,11-50,Pro,Paid Search
ACC-00662,2024-06-30,2024-06-01,US,EdTech,51-200,Enterprise,Organic
ACC-00663,2024-10-11,2024-10-01,US,EdTech,200+,Pro,Partner
ACC-00664,2024-01-18,2024-01-01,SE,SaaS,51-200,Basic,Organic
ACC-00665,2024-08-09,2024-08-01,DE,E-Commerce,200+,Basic,Partner
ACC-00666,2023-12-19,2023-12-01,US,Logistics,51-200,Basic,Organic
ACC-00667,2024-09-23,2024-09-01,AU,SaaS,1-10,Pro,Outbound
ACC-00668,2024-07-16,2024-07-01,UK,E-Commerce,1-10,Basic,Organic
ACC-00669,2024-08-17,2024-08-01,UK,FinTech,1-10,Pro,Organic
ACC-00670,2024-09-26,2024-09-01,US,SaaS,11-50,Basic,Partner
ACC-00671,2024-12-11,2024-12-01,DE,E-Commerce,11-50,Basic,Paid Search
ACC-00672,2023-01-05,2023-01-01,US,MarTech,51-200,Pro,Organic
ACC-00673,2024-01-04,2024-01-01,US,EdTech,51-200,Pro,Paid Search
ACC-00674,2023-11-09,2023-11-01,UK,SaaS,11-50,Basic,Organic
ACC-00675,2023-05-24,2023-05-01,NL,SaaS,51-200,Pro,Partner
ACC-00676,2023-01-20,2023-01-01,AU,E-Commerce,51-200,Pro,Partner
ACC-00677,2023-08-06,2023-08-01,NL,E-Commerce,11-50,Enterprise,Paid Search
ACC-00678,2023-06-02,2023-06-01,UK,SaaS,51-200,Pro,Organic
ACC-00679,2024-04-20,2024-04-01,DE,SaaS,11-50,Basic,Organic
ACC-00680,2024-09-20,2024-09-01,CA,MarTech,1-10,Basic,Paid Search
ACC-00681,2024-08-02,2024-08-01,FR,HR Tech,51-200,Pro,Paid Search
ACC-00682,2023-08-13,2023-08-01,CA,SaaS,1-10,Basic,Partner
ACC-00683,2024-06-14,2024-06-01,NL,FinTech,11-50,Pro,Organic
ACC-00684,2024-10-26,2024-10-01,US,EdTech,11-50,Enterprise,Partner
ACC-00685,2023-09-27,2023-09-01,DE,E-Commerce,11-50,Basic,Paid Search
ACC-00686,2023-03-21,2023-03-01,DE,FinTech,200+,Pro,Paid Search
ACC-00687,2023-12-20,2023-12-01,UK,HealthTech,11-50,Pro,Organic
ACC-00688,2023-06-19,2023-06-01,US,E-Commerce,1-10,Basic,Organic
ACC-00689,2024-09-08,2024-09-01,CA,SaaS,1-10,Enterprise,Partner
ACC-00690,2024-05-08,2024-05-01,FR,HealthTech,11-50,Pro,Paid Search
ACC-00691,2023-09-07,2023-09-01,US,E-Commerce,1-10,Pro,Organic
ACC-00692,2024-08-09,2024-08-01,US,SaaS,200+,Pro,Paid Search
ACC-00693,2024-07-31,2024-07-01,FR,Logistics,51-200,Enterprise,Outbound
ACC-00694,2023-08-10,2023-08-01,UK,HR Tech,51-200,Basic,Partner
ACC-00695,2024-09-07,2024-09-01,US,E-Commerce,51-200,Pro,Paid Search
ACC-00696,2023-06-21,2023-06-01,CA,FinTech,11-50,Pro,Organic
ACC-00697,2024-01-30,2024-01-01,US,SaaS,11-50,Enterprise,Partner
ACC-00698,2023-06-03,2023-06-01,FR,SaaS,200+,Pro,Outbound
ACC-00699,2024-06-28,2024-06-01,DE,SaaS,11-50,Basic,Paid Search
ACC-00700,2023-01-02,2023-01-01,NL,MarTech,11-50,Pro,Paid Search
ACC-00701,2023-02-14,2023-02-01,CA,HealthTech,200+,Pro,Partner
ACC-00702,2023-12-25,2023-12-01,DE,EdTech,51-200,Pro,Organic
ACC-00703,2023-05-18,2023-05-01,US,MarTech,200+,Basic,Paid Search
ACC-00704,2024-07-10,2024-07-01,UK,SaaS,51-200,Pro,Paid Search
ACC-00705,2023-05-01,2023-05-01,DE,FinTech,1-10,Enterprise,Paid Search
ACC-00706,2023-04-20,2023-04-01,US,EdTech,1-10,Enterprise,Paid Search
ACC-00707,2024-01-10,2024-01-01,FR,HR Tech,11-50,Basic,Paid Search
ACC-00708,2024-07-24,2024-07-01,UK,FinTech,11-50,Basic,Organic
ACC-00709,2023-12-19,2023-12-01,CA,FinTech,1-10,Enterprise,Organic
ACC-00710,2023-08-24,2023-08-01,UK,EdTech,1-10,Basic,Paid Search
ACC-00711,2023-12-13,2023-12-01,AU,E-Commerce,51-200,Basic,Paid Search
ACC-00712,2024-10-13,2024-10-01,US,SaaS,1-10,Enterprise,Paid Search
ACC-00713,2023-03-07,2023-03-01,US,FinTech,11-50,Pro,Outbound
ACC-00714,2024-02-15,2024-02-01,FR,E-Commerce,51-200,Pro,Outbound
ACC-00715,2023-06-29,2023-06-01,FR,HealthTech,1-10,Pro,Partner
ACC-00716,2023-10-20,2023-10-01,US,MarTech,11-50,Pro,Paid Search
ACC-00717,2024-11-21,2024-11-01,US,SaaS,1-10,Basic,Outbound
ACC-00718,2024-02-14,2024-02-01,UK,FinTech,11-50,Pro,Partner
ACC-00719,2023-03-12,2023-03-01,NL,E-Commerce,51-200,Pro,Paid Search
ACC-00720,2023-12-22,2023-12-01,SE,FinTech,11-50,Basic,Outbound
ACC-00721,2024-08-11,2024-08-01,US,SaaS,11-50,Pro,Paid Search
ACC-00722,2023-12-15,2023-12-01,SE,MarTech,200+,Enterprise,Partner
ACC-00723,2024-08-11,2024-08-01,US,HealthTech,11-50,Pro,Organic
ACC-00724,2023-12-14,2023-12-01,SE,HealthTech,11-50,Pro,Organic
ACC-00725,2023-04-30,2023-04-01,US,FinTech,51-200,Basic,Partner
ACC-00726,2023-11-20,2023-11-01,UK,FinTech,11-50,Pro,Organic
ACC-00727,2023-10-22,2023-10-01,US,EdTech,51-200,Basic,Outbound
ACC-00728,2024-05-02,2024-05-01,US,SaaS,11-50,Basic,Partner
ACC-00729,2023-07-14,2023-07-01,UK,SaaS,51-200,Enterprise,Organic
ACC-00730,2023-07-27,2023-07-01,AU,MarTech,11-50,Pro,Organic
ACC-00731,2023-03-22,2023-03-01,FR,EdTech,11-50,Pro,Paid Search
ACC-00732,2023-02-13,2023-02-01,AU,FinTech,11-50,Enterprise,Outbound
ACC-00733,2024-08-11,2024-08-01,NL,HealthTech,200+,Enterprise,Organic
ACC-00734,2023-08-16,2023-08-01,CA,SaaS,11-50,Basic,Outbound
ACC-00735,2023-02-03,2023-02-01,DE,FinTech,51-200,Basic,Outbound
ACC-00736,2024-12-16,2024-12-01,DE,FinTech,1-10,Pro,Paid Search
ACC-00737,2023-04-14,2023-04-01,US,E-Commerce,1-10,Pro,Organic
ACC-00738,2024-04-27,2024-04-01,SE,FinTech,1-10,Basic,Paid Search
ACC-00739,2024-01-17,2024-01-01,UK,HealthTech,11-50,Pro,Outbound
ACC-00740,2024-12-03,2024-12-01,US,SaaS,1-10,Basic,Paid Search
ACC-00741,2024-01-26,2024-01-01,US,MarTech,51-200,Pro,Organic
ACC-00742,2024-03-07,2024-03-01,UK,HR Tech,51-200,Pro,Partner
ACC-00743,2024-05-13,2024-05-01,US,E-Commerce,11-50,Basic,Partner
ACC-00744,2023-03-03,2023-03-01,US,FinTech,51-200,Basic,Partner
ACC-00745,2023-09-24,2023-09-01,UK,E-Commerce,200+,Basic,Organic
ACC-00746,2023-05-05,2023-05-01,UK,EdTech,11-50,Pro,Paid Search
ACC-00747,2024-07-05,2024-07-01,US,MarTech,11-50,Pro,Paid Search
ACC-00748,2024-04-02,2024-04-01,NL,FinTech,1-10,Pro,Organic
ACC-00749,2023-06-21,2023-06-01,FR,Logistics,11-50,Pro,Paid Search
ACC-00750,2023-03-15,2023-03-01,US,FinTech,11-50,Pro,Partner
ACC-00751,2024-09-11,2024-09-01,FR,FinTech,11-50,Enterprise,Paid Search
ACC-00752,2024-08-24,2024-08-01,DE,HealthTech,1-10,Enterprise,Organic
ACC-00753,2023-08-29,2023-08-01,FR,HR Tech,51-200,Basic,Organic
ACC-00754,2023-04-16,2023-04-01,US,HR Tech,11-50,Basic,Partner
ACC-00755,2024-06-20,2024-06-01,CA,SaaS,1-10,Basic,Partner
ACC-00756,2024-02-04,2024-02-01,US,SaaS,1-10,Pro,Organic
ACC-00757,2023-06-24,2023-06-01,US,EdTech,51-200,Basic,Paid Search
ACC-00758,2024-07-07,2024-07-01,SE,E-Commerce,1-10,Enterprise,Paid Search
ACC-00759,2024-08-28,2024-08-01,DE,E-Commerce,11-50,Pro,Paid Search
ACC-00760,2024-10-16,2024-10-01,DE,Logistics,11-50,Basic,Organic
ACC-00761,2023-11-12,2023-11-01,UK,FinTech,11-50,Basic,Partner
ACC-00762,2023-05-20,2023-05-01,US,HealthTech,1-10,Enterprise,Outbound
ACC-00763,2024-05-03,2024-05-01,US,MarTech,51-200,Pro,Partner
ACC-00764,2024-07-15,2024-07-01,UK,HealthTech,11-50,Basic,Organic
ACC-00765,2024-10-23,2024-10-01,UK,FinTech,1-10,Basic,Organic
ACC-00766,2024-09-19,2024-09-01,AU,EdTech,1-10,Pro,Partner
ACC-00767,2024-02-27,2024-02-01,US,SaaS,1-10,Basic,Paid Search
ACC-00768,2024-04-08,2024-04-01,US,E-Commerce,1-10,Basic,Organic
ACC-00769,2024-07-01,2024-07-01,US,HR Tech,1-10,Basic,Paid Search
ACC-00770,2023-01-09,2023-01-01,US,SaaS,11-50,Basic,Organic
ACC-00771,2024-05-25,2024-05-01,SE,HealthTech,51-200,Basic,Partner
ACC-00772,2023-05-30,2023-05-01,US,MarTech,1-10,Pro,Organic
ACC-00773,2023-09-14,2023-09-01,AU,MarTech,1-10,Pro,Organic
ACC-00774,2024-03-29,2024-03-01,US,HR Tech,1-10,Pro,Organic
ACC-00775,2024-11-12,2024-11-01,SE,HealthTech,51-200,Basic,Organic
ACC-00776,2024-10-06,2024-10-01,CA,EdTech,11-50,Basic,Paid Search
ACC-00777,2023-11-02,2023-11-01,US,Logistics,51-200,Basic,Organic
ACC-00778,2024-10-10,2024-10-01,UK,SaaS,51-200,Pro,Paid Search
ACC-00779,2023-09-06,2023-09-01,US,SaaS,51-200,Pro,Paid Search
ACC-00780,2024-01-16,2024-01-01,CA,SaaS,11-50,Pro,Organic
ACC-00781,2024-10-02,2024-10-01,US,FinTech,1-10,Pro,Organic
ACC-00782,2024-05-14,2024-05-01,US,HR Tech,51-200,Pro,Partner
ACC-00783,2024-03-25,2024-03-01,CA,SaaS,11-50,Pro,Organic
ACC-00784,2023-02-10,2023-02-01,UK,HealthTech,1-10,Pro,Organic
ACC-00785,2023-07-11,2023-07-01,DE,FinTech,11-50,Enterprise,Paid Search
ACC-00786,2024-07-21,2024-07-01,US,E-Commerce,11-50,Enterprise,Paid Search
ACC-00787,2024-04-09,2024-04-01,US,E-Commerce,11-50,Basic,Organic
ACC-00788,2024-01-08,2024-01-01,CA,SaaS,51-200,Pro,Paid Search
ACC-00789,2024-02-01,2024-02-01,US,EdTech,51-200,Basic,Organic
ACC-00790,2024-02-24,2024-02-01,FR,SaaS,11-50,Basic,Partner
ACC-00791,2023-05-13,2023-05-01,US,SaaS,1-10,Basic,Organic
ACC-00792,2024-10-19,2024-10-01,AU,EdTech,11-50,Pro,Organic
ACC-00793,2024-01-11,2024-01-01,US,EdTech,1-10,Enterprise,Partner
ACC-00794,2023-03-23,2023-03-01,UK,E-Commerce,11-50,Pro,Outbound
ACC-00795,2024-01-13,2024-01-01,AU,SaaS,11-50,Pro,Partner
ACC-00796,2023-11-08,2023-11-01,US,SaaS,11-50,Basic,Organic
ACC-00797,2024-01-30,2024-01-01,US,E-Commerce,1-10,Pro,Organic
ACC-00798,2024-07-25,2024-07-01,UK,SaaS,11-50,Basic,Paid Search
ACC-00799,2024-11-12,2024-11-01,UK,SaaS,51-200,Pro,Paid Search
ACC-00800,2024-11-04,2024-11-01,US,HR Tech,11-50,Basic,Organic
ACC-00801,2023-11-29,2023-11-01,AU,HealthTech,11-50,Enterprise,Organic
ACC-00802,2023-09-04,2023-09-01,DE,SaaS,51-200,Enterprise,Organic
ACC-00803,2024-04-08,2024-04-01,UK,FinTech,51-200,Enterprise,Paid Search
ACC-00804,2024-06-14,2024-06-01,US,Logistics,1-10,Enterprise,Organic
ACC-00805,2023-11-19,2023-11-01,US,MarTech,51-200,Basic,Paid Search
ACC-00806,2024-07-23,2024-07-01,DE,E-Commerce,1-10,Pro,Organic
ACC-00807,2023-09-29,2023-09-01,UK,E-Commerce,1-10,Enterprise,Organic
ACC-00808,2024-02-14,2024-02-01,DE,SaaS,1-10,Basic,Paid Search
ACC-00809,2024-05-14,2024-05-01,AU,EdTech,11-50,Enterprise,Paid Search
ACC-00810,2023-11-04,2023-11-01,US,MarTech,11-50,Pro,Outbound
ACC-00811,2023-12-09,2023-12-01,US,MarTech,11-50,Enterprise,Outbound
ACC-00812,2023-08-21,2023-08-01,CA,MarTech,200+,Pro,Paid Search
ACC-00813,2023-02-25,2023-02-01,US,SaaS,11-50,Basic,Paid Search
ACC-00814,2023-08-15,2023-08-01,US,EdTech,200+,Enterprise,Partner
ACC-00815,2024-08-12,2024-08-01,DE,SaaS,1-10,Basic,Organic
ACC-00816,2023-03-26,2023-03-01,UK,EdTech,11-50,Basic,Paid Search
ACC-00817,2024-03-20,2024-03-01,CA,SaaS,1-10,Pro,Paid Search
ACC-00818,2024-10-29,2024-10-01,DE,E-Commerce,200+,Pro,Organic
ACC-00819,2023-09-30,2023-09-01,CA,FinTech,200+,Basic,Partner
ACC-00820,2024-03-09,2024-03-01,UK,SaaS,11-50,Pro,Partner
ACC-00821,2023-06-23,2023-06-01,SE,E-Commerce,200+,Basic,Organic
ACC-00822,2023-02-15,2023-02-01,NL,SaaS,51-200,Basic,Partner
ACC-00823,2023-03-29,2023-03-01,US,SaaS,200+,Enterprise,Outbound
ACC-00824,2023-10-22,2023-10-01,US,EdTech,1-10,Pro,Organic
ACC-00825,2023-08-03,2023-08-01,CA,SaaS,11-50,Pro,Paid Search
ACC-00826,2024-09-29,2024-09-01,CA,SaaS,51-200,Basic,Paid Search
ACC-00827,2024-11-10,2024-11-01,DE,FinTech,1-10,Basic,Partner
ACC-00828,2023-10-05,2023-10-01,US,EdTech,1-10,Basic,Organic
ACC-00829,2024-11-06,2024-11-01,UK,SaaS,1-10,Enterprise,Paid Search
ACC-00830,2024-01-25,2024-01-01,DE,EdTech,200+,Pro,Paid Search
ACC-00831,2023-04-01,2023-04-01,US,E-Commerce,11-50,Enterprise,Organic
ACC-00832,2023-09-11,2023-09-01,NL,FinTech,11-50,Pro,Organic
ACC-00833,2024-12-01,2024-12-01,UK,E-Commerce,1-10,Enterprise,Paid Search
ACC-00834,2023-03-05,2023-03-01,FR,Logistics,51-200,Enterprise,Organic
ACC-00835,2024-07-22,2024-07-01,SE,SaaS,11-50,Basic,Organic
ACC-00836,2024-01-27,2024-01-01,DE,EdTech,51-200,Pro,Paid Search
ACC-00837,2024-08-09,2024-08-01,US,HR Tech,200+,Basic,Paid Search
ACC-00838,2023-07-31,2023-07-01,FR,E-Commerce,51-200,Basic,Organic
ACC-00839,2024-12-06,2024-12-01,CA,E-Commerce,1-10,Enterprise,Outbound
ACC-00840,2023-05-29,2023-05-01,FR,E-Commerce,1-10,Basic,Paid Search
ACC-00841,2023-05-02,2023-05-01,US,MarTech,1-10,Basic,Organic
ACC-00842,2024-02-28,2024-02-01,SE,FinTech,51-200,Enterprise,Paid Search
ACC-00843,2023-10-08,2023-10-01,US,SaaS,1-10,Basic,Outbound
ACC-00844,2024-09-23,2024-09-01,US,E-Commerce,1-10,Basic,Partner
ACC-00845,2024-01-03,2024-01-01,US,MarTech,1-10,Enterprise,Paid Search
ACC-00846,2024-10-27,2024-10-01,UK,Logistics,11-50,Basic,Organic
ACC-00847,2023-02-03,2023-02-01,UK,HR Tech,200+,Enterprise,Organic
ACC-00848,2024-11-18,2024-11-01,SE,MarTech,1-10,Enterprise,Outbound
ACC-00849,2024-09-23,2024-09-01,UK,FinTech,11-50,Basic,Paid Search
ACC-00850,2023-02-12,2023-02-01,FR,MarTech,51-200,Basic,Outbound
ACC-00851,2024-08-08,2024-08-01,DE,E-Commerce,51-200,Pro,Paid Search
ACC-00852,2024-04-07,2024-04-01,UK,Logistics,51-200,Basic,Paid Search
ACC-00853,2023-02-10,2023-02-01,DE,E-Commerce,11-50,Basic,Organic
ACC-00854,2024-02-12,2024-02-01,NL,MarTech,1-10,Basic,Organic
ACC-00855,2023-02-25,2023-02-01,CA,Logistics,11-50,Pro,Organic
ACC-00856,2024-05-27,2024-05-01,US,MarTech,200+,Pro,Organic
ACC-00857,2024-02-28,2024-02-01,US,SaaS,11-50,Enterprise,Outbound
ACC-00858,2024-04-10,2024-04-01,US,FinTech,11-50,Pro,Organic
ACC-00859,2023-05-07,2023-05-01,US,EdTech,11-50,Basic,Partner
ACC-00860,2024-06-07,2024-06-01,FR,SaaS,11-50,Basic,Organic
ACC-00861,2023-12-10,2023-12-01,DE,EdTech,1-10,Enterprise,Organic
ACC-00862,2024-12-30,2024-12-01,US,FinTech,51-200,Enterprise,Organic
ACC-00863,2023-07-05,2023-07-01,US,SaaS,1-10,Pro,Organic
ACC-00864,2024-04-14,2024-04-01,UK,HealthTech,51-200,Pro,Paid Search
ACC-00865,2023-08-11,2023-08-01,DE,HealthTech,11-50,Basic,Paid Search
ACC-00866,2023-09-08,2023-09-01,NL,FinTech,11-50,Enterprise,Organic
ACC-00867,2023-07-09,2023-07-01,US,EdTech,1-10,Enterprise,Partner
ACC-00868,2024-09-09,2024-09-01,US,Logistics,1-10,Basic,Organic
ACC-00869,2024-11-19,2024-11-01,US,EdTech,51-200,Pro,Paid Search
ACC-00870,2024-04-11,2024-04-01,CA,FinTech,1-10,Pro,Organic
ACC-00871,2024-01-24,2024-01-01,AU,MarTech,51-200,Basic,Paid Search
ACC-00872,2023-05-05,2023-05-01,CA,FinTech,11-50,Pro,Partner
ACC-00873,2024-09-18,2024-09-01,US,E-Commerce,200+,Pro,Organic
ACC-00874,2024-12-06,2024-12-01,FR,MarTech,51-200,Basic,Partner
ACC-00875,2023-09-23,2023-09-01,DE,HR Tech,11-50,Basic,Paid Search
ACC-00876,2024-06-16,2024-06-01,CA,HealthTech,51-200,Enterprise,Organic
ACC-00877,2023-10-25,2023-10-01,SE,SaaS,1-10,Pro,Organic
ACC-00878,2023-08-01,2023-08-01,AU,HR Tech,11-50,Basic,Paid Search
ACC-00879,2024-10-14,2024-10-01,US,E-Commerce,51-200,Basic,Organic
ACC-00880,2023-11-04,2023-11-01,DE,FinTech,1-10,Pro,Organic
ACC-00881,2024-08-05,2024-08-01,FR,SaaS,1-10,Basic,Organic
ACC-00882,2024-11-19,2024-11-01,UK,HealthTech,1-10,Basic,Organic
ACC-00883,2024-04-16,2024-04-01,NL,E-Commerce,11-50,Pro,Paid Search
ACC-00884,2023-02-27,2023-02-01,AU,FinTech,51-200,Basic,Paid Search
ACC-00885,2023-08-02,2023-08-01,DE,FinTech,200+,Pro,Organic
ACC-00886,2023-06-02,2023-06-01,US,SaaS,200+,Pro,Partner
ACC-00887,2024-08-07,2024-08-01,FR,SaaS,1-10,Pro,Organic
ACC-00888,2023-11-19,2023-11-01,CA,FinTech,1-10,Enterprise,Paid Search
ACC-00889,2023-11-06,2023-11-01,US,FinTech,1-10,Pro,Partner
ACC-00890,2023-04-05,2023-04-01,UK,SaaS,11-50,Pro,Organic
ACC-00891,2024-05-10,2024-05-01,CA,E-Commerce,51-200,Basic,Outbound
ACC-00892,2024-06-12,2024-06-01,FR,SaaS,51-200,Pro,Partner
ACC-00893,2024-06-18,2024-06-01,US,FinTech,1-10,Enterprise,Outbound
ACC-00894,2023-12-08,2023-12-01,UK,SaaS,11-50,Pro,Organic
ACC-00895,2024-08-14,2024-08-01,CA,E-Commerce,1-10,Basic,Organic
ACC-00896,2024-06-29,2024-06-01,US,HealthTech,1-10,Basic,Organic
ACC-00897,2023-01-16,2023-01-01,SE,E-Commerce,1-10,Pro,Paid Search
ACC-00898,2023-10-05,2023-10-01,US,EdTech,1-10,Basic,Organic
ACC-00899,2024-09-19,2024-09-01,NL,E-Commerce,1-10,Basic,Outbound
ACC-00900,2023-02-21,2023-02-01,US,SaaS,11-50,Basic,Paid Search
ACC-00901,2024-08-29,2024-08-01,FR,EdTech,11-50,Basic,Organic
ACC-00902,2023-07-22,2023-07-01,CA,EdTech,11-50,Enterprise,Partner
ACC-00903,2024-04-21,2024-04-01,DE,SaaS,51-200,Pro,Organic
ACC-00904,2023-11-14,2023-11-01,CA,EdTech,11-50,Basic,Organic
ACC-00905,2024-09-23,2024-09-01,US,FinTech,1-10,Enterprise,Organic
ACC-00906,2023-11-29,2023-11-01,UK,SaaS,11-50,Basic,Paid Search
ACC-00907,2023-06-24,2023-06-01,US,FinTech,11-50,Pro,Paid Search
ACC-00908,2023-04-20,2023-04-01,US,E-Commerce,51-200,Pro,Paid Search
ACC-00909,2024-02-28,2024-02-01,US,SaaS,1-10,Pro,Organic
ACC-00910,2023-08-02,2023-08-01,AU,E-Commerce,51-200,Basic,Partner
ACC-00911,2024-07-11,2024-07-01,CA,SaaS,51-200,Pro,Partner
ACC-00912,2024-05-13,2024-05-01,US,E-Commerce,11-50,Basic,Paid Search
ACC-00913,2023-11-12,2023-11-01,SE,SaaS,1-10,Enterprise,Partner
ACC-00914,2024-01-24,2024-01-01,US,E-Commerce,1-10,Basic,Organic
ACC-00915,2024-08-17,2024-08-01,NL,E-Commerce,1-10,Basic,Organic
ACC-00916,2024-06-28,2024-06-01,US,E-Commerce,11-50,Basic,Outbound
ACC-00917,2023-11-03,2023-11-01,DE,Logistics,11-50,Enterprise,Paid Search
ACC-00918,2023-12-19,2023-12-01,SE,E-Commerce,11-50,Pro,Partner
ACC-00919,2023-10-29,2023-10-01,US,Logistics,200+,Basic,Paid Search
ACC-00920,2024-01-03,2024-01-01,US,FinTech,1-10,Basic,Paid Search
ACC-00921,2024-10-02,2024-10-01,US,FinTech,11-50,Pro,Partner
ACC-00922,2024-05-01,2024-05-01,US,E-Commerce,51-200,Basic,Paid Search
ACC-00923,2023-10-23,2023-10-01,SE,EdTech,1-10,Basic,Organic
ACC-00924,2024-05-13,2024-05-01,FR,HR Tech,1-10,Basic,Partner
ACC-00925,2024-04-11,2024-04-01,NL,EdTech,200+,Pro,Paid Search
ACC-00926,2024-03-10,2024-03-01,DE,HealthTech,11-50,Basic,Paid Search
ACC-00927,2024-08-14,2024-08-01,UK,EdTech,51-200,Basic,Outbound
ACC-00928,2024-08-13,2024-08-01,UK,HR Tech,11-50,Pro,Organic
ACC-00929,2024-05-08,2024-05-01,SE,SaaS,51-200,Pro,Outbound
ACC-00930,2023-10-14,2023-10-01,UK,SaaS,51-200,Basic,Paid Search
ACC-00931,2024-11-10,2024-11-01,SE,SaaS,11-50,Pro,Organic
ACC-00932,2023-02-24,2023-02-01,NL,E-Commerce,1-10,Pro,Outbound
ACC-00933,2024-08-10,2024-08-01,CA,HealthTech,200+,Pro,Organic
ACC-00934,2023-02-06,2023-02-01,CA,E-Commerce,11-50,Pro,Organic
ACC-00935,2024-10-06,2024-10-01,UK,SaaS,1-10,Enterprise,Partner
ACC-00936,2024-10-01,2024-10-01,US,HealthTech,1-10,Basic,Partner
ACC-00937,2023-09-16,2023-09-01,US,FinTech,51-200,Basic,Organic
ACC-00938,2023-06-28,2023-06-01,NL,EdTech,51-200,Basic,Organic
ACC-00939,2024-12-18,2024-12-01,US,SaaS,11-50,Basic,Outbound
ACC-00940,2023-05-29,2023-05-01,DE,MarTech,51-200,Pro,Paid Search
ACC-00941,2024-01-28,2024-01-01,US,HealthTech,11-50,Basic,Partner
ACC-00942,2023-12-20,2023-12-01,US,FinTech,51-200,Basic,Paid Search
ACC-00943,2024-05-02,2024-05-01,US,EdTech,51-200,Pro,Paid Search
ACC-00944,2024-12-23,2024-12-01,UK,FinTech,11-50,Basic,Organic
ACC-00945,2024-04-04,2024-04-01,UK,FinTech,11-50,Enterprise,Organic
ACC-00946,2024-06-28,2024-06-01,FR,HR Tech,11-50,Enterprise,Outbound
ACC-00947,2023-12-10,2023-12-01,US,MarTech,1-10,Pro,Paid Search
ACC-00948,2024-11-22,2024-11-01,CA,EdTech,11-50,Basic,Organic
ACC-00949,2024-12-07,2024-12-01,SE,FinTech,1-10,Basic,Organic
ACC-00950,2024-02-26,2024-02-01,US,SaaS,11-50,Basic,Organic
ACC-00951,2023-07-17,2023-07-01,US,E-Commerce,1-10,Pro,Outbound
ACC-00952,2023-08-11,2023-08-01,SE,E-Commerce,51-200,Basic,Outbound
ACC-00953,2023-05-14,2023-05-01,UK,MarTech,11-50,Enterprise,Organic
ACC-00954,2023-04-24,2023-04-01,CA,FinTech,11-50,Enterprise,Paid Search
ACC-00955,2023-10-11,2023-10-01,CA,EdTech,51-200,Pro,Organic
ACC-00956,2023-03-17,2023-03-01,US,SaaS,11-50,Enterprise,Organic
ACC-00957,2023-09-29,2023-09-01,US,SaaS,200+,Basic,Paid Search
ACC-00958,2024-10-22,2024-10-01,UK,SaaS,51-200,Basic,Paid Search
ACC-00959,2024-03-28,2024-03-01,CA,SaaS,1-10,Pro,Organic
ACC-00960,2024-04-01,2024-04-01,US,HealthTech,51-200,Basic,Organic
ACC-00961,2024-02-04,2024-02-01,US,EdTech,200+,Pro,Paid Search
ACC-00962,2024-05-17,2024-05-01,UK,HealthTech,51-200,Enterprise,Organic
ACC-00963,2023-08-20,2023-08-01,US,HR Tech,51-200,Pro,Paid Search
ACC-00964,2024-01-03,2024-01-01,US,FinTech,1-10,Enterprise,Paid Search
ACC-00965,2024-01-10,2024-01-01,DE,HR Tech,1-10,Pro,Partner
ACC-00966,2024-10-25,2024-10-01,US,E-Commerce,200+,Pro,Organic
ACC-00967,2024-02-04,2024-02-01,NL,E-Commerce,11-50,Basic,Paid Search
ACC-00968,2023-07-14,2023-07-01,US,SaaS,51-200,Pro,Paid Search
ACC-00969,2023-03-06,2023-03-01,AU,E-Commerce,11-50,Enterprise,Partner
ACC-00970,2023-01-17,2023-01-01,US,SaaS,51-200,Basic,Organic
ACC-00971,2024-10-31,2024-10-01,FR,HealthTech,51-200,Enterprise,Organic
ACC-00972,2024-08-16,2024-08-01,US,SaaS,51-200,Pro,Organic
ACC-00973,2024-09-25,2024-09-01,US,EdTech,1-10,Basic,Organic
ACC-00974,2023-11-11,2023-11-01,AU,SaaS,11-50,Enterprise,Organic
ACC-00975,2023-04-19,2023-04-01,US,E-Commerce,11-50,Basic,Organic
ACC-00976,2023-12-12,2023-12-01,AU,HR Tech,51-200,Basic,Outbound
ACC-00977,2024-08-12,2024-08-01,DE,FinTech,200+,Basic,Organic
ACC-00978,2023-06-27,2023-06-01,US,SaaS,1-10,Basic,Partner
ACC-00979,2024-07-20,2024-07-01,US,SaaS,11-50,Basic,Partner
ACC-00980,2024-10-09,2024-10-01,FR,MarTech,1-10,Pro,Organic
ACC-00981,2023-07-03,2023-07-01,NL,EdTech,11-50,Basic,Partner
ACC-00982,2024-05-02,2024-05-01,CA,SaaS,11-50,Pro,Paid Search
ACC-00983,2023-06-28,2023-06-01,FR,SaaS,1-10,Pro,Outbound
ACC-00984,2024-10-04,2024-10-01,AU,FinTech,11-50,Pro,Organic
ACC-00985,2024-06-26,2024-06-01,SE,E-Commerce,51-200,Enterprise,Paid Search
ACC-00986,2024-04-20,2024-04-01,CA,EdTech,1-10,Basic,Partner
ACC-00987,2024-12-02,2024-12-01,AU,Logistics,11-50,Basic,Outbound
ACC-00988,2023-02-25,2023-02-01,FR,FinTech,11-50,Basic,Partner
ACC-00989,2024-04-09,2024-04-01,US,EdTech,200+,Basic,Partner
ACC-00990,2024-05-11,2024-05-01,DE,SaaS,1-10,Basic,Paid Search
ACC-00991,2024-03-05,2024-03-01,US,EdTech,11-50,Pro,Organic
ACC-00992,2023-04-11,2023-04-01,US,HealthTech,1-10,Enterprise,Organic
ACC-00993,2024-08-22,2024-08-01,UK,Logistics,1-10,Enterprise,Paid Search
ACC-00994,2024-02-01,2024-02-01,UK,HealthTech,1-10,Basic,Organic
ACC-00995,2023-12-10,2023-12-01,US,EdTech,1-10,Basic,Outbound
ACC-00996,2024-04-14,2024-04-01,UK,MarTech,1-10,Basic,Organic
ACC-00997,2024-10-15,2024-10-01,SE,Logistics,11-50,Pro,Organic
ACC-00998,2024-02-26,2024-02-01,NL,HealthTech,200+,Pro,Partner
ACC-00999,2023-10-13,2023-10-01,US,HealthTech,51-200,Basic,Paid Search
ACC-01000,2023-08-16,2023-08-01,NL,E-Commerce,1-10,Pro,Organic
ACC-01001,2023-02-15,2023-02-01,US,HealthTech,51-200,Basic,Paid Search
ACC-01002,2024-05-05,2024-05-01,AU,EdTech,1-10,Pro,Organic
ACC-01003,2023-01-13,2023-01-01,CA,HealthTech,1-10,Basic,Organic
ACC-01004,2023-04-03,2023-04-01,US,EdTech,1-10,Pro,Paid Search
ACC-01005,2024-08-20,2024-08-01,US,HealthTech,51-200,Enterprise,Paid Search
ACC-01006,2024-01-15,2024-01-01,FR,EdTech,1-10,Pro,Paid Search
ACC-01007,2024-12-08,2024-12-01,US,SaaS,11-50,Basic,Outbound
ACC-01008,2024-07-09,2024-07-01,DE,SaaS,51-200,Pro,Organic
ACC-01009,2023-02-26,2023-02-01,DE,Logistics,11-50,Basic,Paid Search
ACC-01010,2024-04-21,2024-04-01,FR,FinTech,1-10,Pro,Organic
ACC-01011,2024-12-27,2024-12-01,CA,SaaS,11-50,Pro,Paid Search
ACC-01012,2024-08-17,2024-08-01,NL,EdTech,51-200,Pro,Organic
ACC-01013,2023-10-01,2023-10-01,DE,HealthTech,1-10,Basic,Paid Search
ACC-01014,2024-05-28,2024-05-01,DE,SaaS,51-200,Pro,Paid Search
ACC-01015,2023-10-27,2023-10-01,UK,FinTech,51-200,Pro,Outbound
ACC-01016,2023-03-09,2023-03-01,US,Logistics,1-10,Basic,Organic
ACC-01017,2023-03-20,2023-03-01,US,FinTech,51-200,Pro,Outbound
ACC-01018,2024-06-17,2024-06-01,SE,SaaS,11-50,Pro,Outbound
ACC-01019,2024-04-30,2024-04-01,US,HealthTech,11-50,Basic,Organic
ACC-01020,2023-08-26,2023-08-01,AU,E-Commerce,11-50,Pro,Partner
ACC-01021,2023-12-01,2023-12-01,UK,EdTech,11-50,Pro,Paid Search
ACC-01022,2024-08-03,2024-08-01,US,MarTech,1-10,Basic,Paid Search
ACC-01023,2023-10-23,2023-10-01,CA,SaaS,11-50,Pro,Organic
ACC-01024,2023-06-14,2023-06-01,CA,FinTech,200+,Enterprise,Partner
ACC-01025,2024-11-13,2024-11-01,AU,SaaS,1-10,Enterprise,Paid Search
ACC-01026,2024-03-27,2024-03-01,US,SaaS,11-50,Basic,Organic
ACC-01027,2023-12-19,2023-12-01,US,HealthTech,200+,Pro,Organic
ACC-01028,2023-01-26,2023-01-01,UK,HealthTech,1-10,Pro,Organic
ACC-01029,2023-01-05,2023-01-01,SE,E-Commerce,11-50,Pro,Organic
ACC-01030,2023-10-24,2023-10-01,SE,MarTech,200+,Pro,Partner
ACC-01031,2024-03-28,2024-03-01,US,SaaS,11-50,Basic,Partner
ACC-01032,2023-04-30,2023-04-01,US,HealthTech,51-200,Basic,Organic
ACC-01033,2023-02-26,2023-02-01,FR,SaaS,11-50,Pro,Partner
ACC-01034,2023-07-20,2023-07-01,US,E-Commerce,11-50,Pro,Organic
ACC-01035,2024-06-08,2024-06-01,UK,HealthTech,11-50,Pro,Organic
ACC-01036,2024-11-13,2024-11-01,UK,SaaS,51-200,Basic,Paid Search
ACC-01037,2023-10-19,2023-10-01,US,FinTech,11-50,Pro,Organic
ACC-01038,2024-03-30,2024-03-01,CA,HealthTech,11-50,Basic,Partner
ACC-01039,2024-03-10,2024-03-01,CA,HealthTech,51-200,Pro,Organic
ACC-01040,2023-11-07,2023-11-01,UK,Logistics,200+,Basic,Outbound
ACC-01041,2024-01-20,2024-01-01,US,HealthTech,200+,Basic,Paid Search
ACC-01042,2024-12-28,2024-12-01,DE,Logistics,1-10,Enterprise,Organic
ACC-01043,2024-05-17,2024-05-01,US,MarTech,51-200,Basic,Paid Search
ACC-01044,2024-04-19,2024-04-01,US,MarTech,1-10,Basic,Paid Search
ACC-01045,2024-10-13,2024-10-01,UK,EdTech,51-200,Basic,Paid Search
ACC-01046,2024-12-05,2024-12-01,FR,SaaS,51-200,Pro,Outbound
ACC-01047,2024-09-05,2024-09-01,CA,E-Commerce,11-50,Enterprise,Paid Search
ACC-01048,2024-05-02,2024-05-01,SE,MarTech,11-50,Pro,Organic
ACC-01049,2023-09-23,2023-09-01,US,SaaS,11-50,Enterprise,Organic
ACC-01050,2023-06-17,2023-06-01,US,FinTech,11-50,Enterprise,Organic
ACC-01051,2023-10-26,2023-10-01,DE,HR Tech,11-50,Pro,Organic
ACC-01052,2023-04-07,2023-04-01,DE,SaaS,11-50,Basic,Partner
ACC-01053,2023-11-05,2023-11-01,US,EdTech,11-50,Pro,Paid Search
ACC-01054,2023-05-28,2023-05-01,US,E-Commerce,11-50,Pro,Organic
ACC-01055,2023-06-16,2023-06-01,US,SaaS,1-10,Basic,Outbound
ACC-01056,2024-09-20,2024-09-01,CA,HR Tech,51-200,Pro,Partner
ACC-01057,2023-04-27,2023-04-01,UK,Logistics,1-10,Basic,Organic
ACC-01058,2023-12-23,2023-12-01,US,FinTech,51-200,Enterprise,Paid Search
ACC-01059,2023-12-17,2023-12-01,US,FinTech,51-200,Basic,Organic
ACC-01060,2024-12-11,2024-12-01,US,SaaS,1-10,Basic,Organic
ACC-01061,2024-12-08,2024-12-01,CA,SaaS,1-10,Pro,Paid Search
ACC-01062,2023-07-21,2023-07-01,US,MarTech,11-50,Basic,Organic
ACC-01063,2023-09-17,2023-09-01,US,FinTech,1-10,Basic,Organic
ACC-01064,2024-09-08,2024-09-01,US,Logistics,1-10,Basic,Organic
ACC-01065,2023-10-12,2023-10-01,SE,FinTech,1-10,Pro,Partner
ACC-01066,2023-09-05,2023-09-01,DE,SaaS,51-200,Pro,Paid Search
ACC-01067,2023-07-16,2023-07-01,SE,SaaS,51-200,Basic,Partner
ACC-01068,2023-08-08,2023-08-01,NL,Logistics,11-50,Pro,Organic
ACC-01069,2024-11-20,2024-11-01,SE,SaaS,11-50,Basic,Organic
ACC-01070,2023-08-22,2023-08-01,UK,MarTech,11-50,Pro,Paid Search
ACC-01071,2024-05-22,2024-05-01,CA,EdTech,11-50,Basic,Organic
ACC-01072,2023-04-29,2023-04-01,UK,HealthTech,51-200,Pro,Partner
ACC-01073,2023-08-20,2023-08-01,DE,FinTech,51-200,Basic,Organic
ACC-01074,2024-05-02,2024-05-01,SE,FinTech,1-10,Pro,Partner
ACC-01075,2024-02-10,2024-02-01,UK,EdTech,1-10,Basic,Paid Search
ACC-01076,2024-08-27,2024-08-01,SE,EdTech,51-200,Basic,Paid Search
ACC-01077,2023-07-23,2023-07-01,US,E-Commerce,200+,Basic,Partner
ACC-01078,2024-05-26,2024-05-01,US,EdTech,11-50,Basic,Partner
ACC-01079,2024-10-21,2024-10-01,SE,FinTech,51-200,Enterprise,Outbound
ACC-01080,2024-06-07,2024-06-01,US,MarTech,1-10,Basic,Paid Search
ACC-01081,2024-10-05,2024-10-01,SE,SaaS,51-200,Enterprise,Paid Search
ACC-01082,2023-01-28,2023-01-01,SE,FinTech,51-200,Basic,Paid Search
ACC-01083,2023-04-09,2023-04-01,CA,EdTech,11-50,Pro,Paid Search
ACC-01084,2023-10-28,2023-10-01,FR,HealthTech,1-10,Basic,Outbound
ACC-01085,2024-07-13,2024-07-01,US,MarTech,200+,Enterprise,Organic
ACC-01086,2024-04-05,2024-04-01,US,FinTech,11-50,Basic,Paid Search
ACC-01087,2023-11-07,2023-11-01,NL,SaaS,11-50,Basic,Paid Search
ACC-01088,2023-04-23,2023-04-01,DE,HealthTech,11-50,Pro,Paid Search
ACC-01089,2024-07-29,2024-07-01,NL,E-Commerce,11-50,Pro,Outbound
ACC-01090,2024-09-23,2024-09-01,FR,MarTech,1-10,Basic,Paid Search
ACC-01091,2023-05-12,2023-05-01,AU,FinTech,51-200,Basic,Outbound
ACC-01092,2023-12-16,2023-12-01,UK,HealthTech,200+,Basic,Organic
ACC-01093,2023-09-08,2023-09-01,US,E-Commerce,11-50,Enterprise,Organic
ACC-01094,2023-11-09,2023-11-01,US,SaaS,11-50,Basic,Partner
ACC-01095,2024-03-08,2024-03-01,DE,Logistics,1-10,Pro,Paid Search
ACC-01096,2023-11-21,2023-11-01,UK,FinTech,11-50,Enterprise,Organic
ACC-01097,2024-11-22,2024-11-01,US,HealthTech,51-200,Pro,Organic
ACC-01098,2023-11-03,2023-11-01,UK,HealthTech,11-50,Enterprise,Partner
ACC-01099,2024-07-02,2024-07-01,US,FinTech,1-10,Pro,Partner
ACC-01100,2024-10-01,2024-10-01,CA,SaaS,51-200,Basic,Organic
ACC-01101,2023-03-10,2023-03-01,DE,E-Commerce,11-50,Basic,Organic
ACC-01102,2023-11-06,2023-11-01,DE,FinTech,51-200,Basic,Paid Search
ACC-01103,2023-09-15,2023-09-01,FR,HealthTech,51-200,Basic,Organic
ACC-01104,2024-12-21,2024-12-01,DE,SaaS,11-50,Pro,Partner
ACC-01105,2024-04-23,2024-04-01,US,E-Commerce,51-200,Enterprise,Outbound
ACC-01106,2024-08-02,2024-08-01,CA,SaaS,1-10,Pro,Organic
ACC-01107,2024-12-02,2024-12-01,CA,MarTech,11-50,Enterprise,Outbound
ACC-01108,2024-10-11,2024-10-01,US,HealthTech,51-200,Pro,Organic
ACC-01109,2024-09-07,2024-09-01,US,SaaS,1-10,Basic,Partner
ACC-01110,2023-11-14,2023-11-01,UK,E-Commerce,11-50,Pro,Organic
ACC-01111,2023-06-13,2023-06-01,US,SaaS,51-200,Basic,Paid Search
ACC-01112,2024-10-21,2024-10-01,NL,HR Tech,11-50,Basic,Outbound
ACC-01113,2023-03-27,2023-03-01,US,FinTech,1-10,Enterprise,Outbound
ACC-01114,2024-11-18,2024-11-01,FR,SaaS,200+,Pro,Organic
ACC-01115,2023-04-25,2023-04-01,DE,E-Commerce,1-10,Pro,Paid Search
ACC-01116,2024-06-21,2024-06-01,US,Logistics,1-10,Basic,Partner
ACC-01117,2023-12-04,2023-12-01,AU,EdTech,51-200,Pro,Outbound
ACC-01118,2023-08-12,2023-08-01,US,SaaS,200+,Basic,Organic
ACC-01119,2024-08-26,2024-08-01,US,E-Commerce,51-200,Basic,Paid Search
ACC-01120,2024-05-01,2024-05-01,CA,HR Tech,51-200,Enterprise,Paid Search
ACC-01121,2024-01-12,2024-01-01,AU,SaaS,200+,Pro,Partner
ACC-01122,2024-11-09,2024-11-01,AU,SaaS,200+,Pro,Organic
ACC-01123,2024-01-29,2024-01-01,US,HR Tech,11-50,Enterprise,Organic
ACC-01124,2023-08-31,2023-08-01,NL,FinTech,200+,Basic,Outbound
ACC-01125,2023-09-19,2023-09-01,US,HR Tech,51-200,Basic,Outbound
ACC-01126,2023-06-14,2023-06-01,NL,E-Commerce,51-200,Pro,Paid Search
ACC-01127,2023-02-04,2023-02-01,US,SaaS,51-200,Pro,Partner
ACC-01128,2023-12-07,2023-12-01,CA,Logistics,51-200,Enterprise,Partner
ACC-01129,2024-06-02,2024-06-01,US,HealthTech,51-200,Pro,Organic
ACC-01130,2024-12-12,2024-12-01,US,SaaS,11-50,Pro,Partner
ACC-01131,2023-05-20,2023-05-01,US,SaaS,11-50,Pro,Organic
ACC-01132,2023-09-13,2023-09-01,DE,HR Tech,51-200,Pro,Partner
ACC-01133,2024-12-03,2024-12-01,UK,HR Tech,11-50,Enterprise,Organic
ACC-01134,2023-06-27,2023-06-01,CA,MarTech,51-200,Basic,Paid Search
ACC-01135,2023-07-06,2023-07-01,UK,FinTech,51-200,Pro,Organic
ACC-01136,2023-01-24,2023-01-01,NL,E-Commerce,11-50,Enterprise,Outbound
ACC-01137,2023-07-23,2023-07-01,US,Logistics,1-10,Pro,Paid Search
ACC-01138,2023-06-02,2023-06-01,US,FinTech,200+,Basic,Partner
ACC-01139,2024-03-21,2024-03-01,CA,Logistics,51-200,Pro,Organic
ACC-01140,2023-07-28,2023-07-01,US,Logistics,51-200,Basic,Paid Search
ACC-01141,2023-05-14,2023-05-01,UK,SaaS,1-10,Enterprise,Partner
ACC-01142,2023-07-13,2023-07-01,UK,HealthTech,1-10,Basic,Organic
ACC-01143,2024-09-24,2024-09-01,UK,SaaS,11-50,Pro,Organic
ACC-01144,2024-04-25,2024-04-01,US,FinTech,51-200,Pro,Partner
ACC-01145,2024-12-26,2024-12-01,UK,E-Commerce,1-10,Pro,Organic
ACC-01146,2023-08-29,2023-08-01,UK,FinTech,11-50,Pro,Partner
ACC-01147,2024-12-27,2024-12-01,CA,SaaS,1-10,Pro,Organic
ACC-01148,2024-02-09,2024-02-01,FR,SaaS,51-200,Basic,Organic
ACC-01149,2023-06-23,2023-06-01,DE,HR Tech,51-200,Basic,Organic
ACC-01150,2024-06-27,2024-06-01,UK,FinTech,11-50,Enterprise,Paid Search
ACC-01151,2023-10-15,2023-10-01,CA,Logistics,1-10,Enterprise,Paid Search
ACC-01152,2023-09-28,2023-09-01,DE,HealthTech,1-10,Pro,Paid Search
ACC-01153,2023-06-04,2023-06-01,DE,Logistics,11-50,Basic,Organic
ACC-01154,2023-02-25,2023-02-01,US,SaaS,1-10,Pro,Paid Search
ACC-01155,2024-05-21,2024-05-01,US,FinTech,51-200,Pro,Paid Search
ACC-01156,2023-06-01,2023-06-01,US,SaaS,51-200,Basic,Organic
ACC-01157,2024-06-04,2024-06-01,AU,E-Commerce,51-200,Basic,Outbound
ACC-01158,2023-01-05,2023-01-01,DE,E-Commerce,11-50,Basic,Partner
ACC-01159,2024-11-24,2024-11-01,US,FinTech,1-10,Enterprise,Organic
ACC-01160,2024-01-18,2024-01-01,DE,HR Tech,51-200,Basic,Organic
ACC-01161,2024-12-25,2024-12-01,FR,HealthTech,200+,Pro,Organic
ACC-01162,2023-02-14,2023-02-01,FR,HR Tech,11-50,Pro,Partner
ACC-01163,2024-08-05,2024-08-01,US,Logistics,51-200,Basic,Partner
ACC-01164,2023-03-14,2023-03-01,DE,E-Commerce,1-10,Basic,Organic
ACC-01165,2024-02-13,2024-02-01,US,Logistics,1-10,Pro,Organic
ACC-01166,2024-10-31,2024-10-01,US,FinTech,51-200,Pro,Outbound
ACC-01167,2024-12-02,2024-12-01,FR,FinTech,1-10,Basic,Organic
ACC-01168,2024-04-01,2024-04-01,NL,HealthTech,11-50,Basic,Partner
ACC-01169,2024-01-13,2024-01-01,FR,HealthTech,11-50,Basic,Organic
ACC-01170,2024-04-19,2024-04-01,FR,E-Commerce,51-200,Enterprise,Paid Search
ACC-01171,2024-10-24,2024-10-01,DE,FinTech,11-50,Enterprise,Paid Search
ACC-01172,2023-06-02,2023-06-01,SE,EdTech,11-50,Basic,Paid Search
ACC-01173,2024-08-05,2024-08-01,US,SaaS,1-10,Basic,Paid Search
ACC-01174,2023-04-07,2023-04-01,UK,EdTech,51-200,Basic,Paid Search
ACC-01175,2024-05-30,2024-05-01,US,EdTech,11-50,Pro,Partner
ACC-01176,2023-02-16,2023-02-01,US,Logistics,1-10,Pro,Paid Search
ACC-01177,2024-11-17,2024-11-01,UK,MarTech,11-50,Enterprise,Partner
ACC-01178,2023-08-05,2023-08-01,US,EdTech,11-50,Enterprise,Organic
ACC-01179,2024-07-01,2024-07-01,US,FinTech,1-10,Pro,Paid Search
ACC-01180,2024-02-19,2024-02-01,NL,HR Tech,11-50,Pro,Paid Search
ACC-01181,2024-09-23,2024-09-01,UK,EdTech,51-200,Basic,Organic
ACC-01182,2023-05-09,2023-05-01,US,SaaS,51-200,Pro,Organic
ACC-01183,2023-01-28,2023-01-01,US,E-Commerce,11-50,Basic,Paid Search
ACC-01184,2024-07-05,2024-07-01,US,FinTech,11-50,Pro,Organic
ACC-01185,2023-06-20,2023-06-01,NL,EdTech,11-50,Pro,Organic
ACC-01186,2024-04-05,2024-04-01,DE,SaaS,11-50,Enterprise,Organic
ACC-01187,2023-01-09,2023-01-01,US,MarTech,11-50,Basic,Paid Search
ACC-01188,2024-08-15,2024-08-01,DE,E-Commerce,1-10,Pro,Paid Search
ACC-01189,2024-08-28,2024-08-01,CA,HR Tech,200+,Enterprise,Organic
ACC-01190,2023-03-04,2023-03-01,DE,HealthTech,11-50,Basic,Outbound
ACC-01191,2024-03-03,2024-03-01,NL,SaaS,11-50,Pro,Paid Search
ACC-01192,2024-03-22,2024-03-01,US,FinTech,1-10,Basic,Organic
ACC-01193,2023-08-13,2023-08-01,DE,EdTech,200+,Enterprise,Partner
ACC-01194,2024-04-24,2024-04-01,US,FinTech,51-200,Enterprise,Partner
ACC-01195,2024-11-20,2024-11-01,FR,FinTech,11-50,Enterprise,Organic
ACC-01196,2023-08-01,2023-08-01,US,EdTech,51-200,Basic,Organic
ACC-01197,2024-09-12,2024-09-01,UK,MarTech,200+,Pro,Organic
ACC-01198,2024-07-24,2024-07-01,US,SaaS,51-200,Basic,Organic
ACC-01199,2024-05-30,2024-05-01,US,SaaS,11-50,Pro,Organic
ACC-01200,2023-08-18,2023-08-01,UK,HR Tech,51-200,Pro,Partner
ACC-01201,2024-07-24,2024-07-01,US,SaaS,51-200,Pro,Partner
ACC-01202,2024-12-24,2024-12-01,US,HR Tech,51-200,Enterprise,Partner
ACC-01203,2023-04-19,2023-04-01,AU,E-Commerce,51-200,Basic,Paid Search
ACC-01204,2024-06-03,2024-06-01,US,E-Commerce,51-200,Enterprise,Organic
ACC-01205,2023-10-27,2023-10-01,CA,MarTech,11-50,Enterprise,Organic
ACC-01206,2024-01-08,2024-01-01,US,SaaS,51-200,Basic,Paid Search
ACC-01207,2023-01-07,2023-01-01,US,MarTech,11-50,Pro,Organic
ACC-01208,2024-01-17,2024-01-01,CA,HealthTech,11-50,Basic,Partner
ACC-01209,2024-06-26,2024-06-01,UK,SaaS,51-200,Basic,Paid Search
ACC-01210,2024-04-14,2024-04-01,SE,E-Commerce,51-200,Enterprise,Paid Search
ACC-01211,2023-01-11,2023-01-01,CA,E-Commerce,1-10,Basic,Paid Search
ACC-01212,2023-06-18,2023-06-01,UK,FinTech,1-10,Enterprise,Organic
ACC-01213,2024-08-11,2024-08-01,US,E-Commerce,51-200,Pro,Paid Search
ACC-01214,2023-10-30,2023-10-01,UK,Logistics,51-200,Enterprise,Partner
ACC-01215,2023-11-18,2023-11-01,NL,SaaS,1-10,Pro,Outbound
ACC-01216,2024-12-18,2024-12-01,UK,E-Commerce,51-200,Pro,Paid Search
ACC-01217,2024-03-28,2024-03-01,CA,Logistics,51-200,Basic,Organic
ACC-01218,2023-11-05,2023-11-01,US,E-Commerce,11-50,Pro,Outbound
ACC-01219,2024-06-16,2024-06-01,SE,FinTech,1-10,Pro,Paid Search
ACC-01220,2024-10-12,2024-10-01,US,SaaS,51-200,Pro,Organic
ACC-01221,2023-11-08,2023-11-01,CA,HR Tech,1-10,Basic,Paid Search
ACC-01222,2024-10-04,2024-10-01,DE,SaaS,51-200,Enterprise,Paid Search
ACC-01223,2024-08-09,2024-08-01,CA,HealthTech,200+,Enterprise,Outbound
ACC-01224,2024-08-02,2024-08-01,CA,HR Tech,51-200,Enterprise,Organic
ACC-01225,2023-11-03,2023-11-01,US,MarTech,51-200,Pro,Partner
ACC-01226,2024-06-16,2024-06-01,CA,SaaS,11-50,Basic,Partner
ACC-01227,2024-04-10,2024-04-01,US,EdTech,51-200,Basic,Organic
ACC-01228,2023-05-14,2023-05-01,UK,HealthTech,11-50,Pro,Paid Search
ACC-01229,2024-06-15,2024-06-01,CA,Logistics,11-50,Pro,Outbound
ACC-01230,2024-12-06,2024-12-01,SE,HealthTech,200+,Enterprise,Organic
ACC-01231,2023-05-11,2023-05-01,UK,HealthTech,200+,Pro,Paid Search
ACC-01232,2024-12-12,2024-12-01,US,HealthTech,51-200,Enterprise,Paid Search
ACC-01233,2023-05-02,2023-05-01,FR,HealthTech,1-10,Pro,Organic
ACC-01234,2023-06-06,2023-06-01,US,FinTech,11-50,Basic,Organic
ACC-01235,2023-05-27,2023-05-01,US,E-Commerce,1-10,Enterprise,Outbound
ACC-01236,2023-08-09,2023-08-01,US,EdTech,1-10,Pro,Organic
ACC-01237,2023-02-15,2023-02-01,UK,E-Commerce,11-50,Enterprise,Partner
ACC-01238,2024-05-01,2024-05-01,AU,MarTech,1-10,Basic,Paid Search
ACC-01239,2024-04-05,2024-04-01,FR,SaaS,51-200,Basic,Paid Search
ACC-01240,2024-09-30,2024-09-01,UK,SaaS,11-50,Pro,Outbound
ACC-01241,2024-03-29,2024-03-01,CA,E-Commerce,51-200,Pro,Paid Search
ACC-01242,2024-12-25,2024-12-01,US,E-Commerce,11-50,Basic,Outbound
ACC-01243,2024-07-08,2024-07-01,DE,SaaS,11-50,Basic,Paid Search
ACC-01244,2023-01-20,2023-01-01,US,HR Tech,1-10,Basic,Partner
ACC-01245,2023-09-09,2023-09-01,AU,MarTech,11-50,Basic,Paid Search
ACC-01246,2023-11-25,2023-11-01,UK,SaaS,51-200,Basic,Paid Search
ACC-01247,2024-02-29,2024-02-01,US,E-Commerce,11-50,Basic,Outbound
ACC-01248,2024-07-08,2024-07-01,US,SaaS,1-10,Basic,Organic
ACC-01249,2024-02-22,2024-02-01,FR,SaaS,200+,Basic,Partner
ACC-01250,2023-11-02,2023-11-01,UK,FinTech,11-50,Basic,Paid Search
ACC-01251,2023-05-04,2023-05-01,US,SaaS,11-50,Basic,Paid Search
ACC-01252,2024-05-31,2024-05-01,UK,SaaS,1-10,Pro,Paid Search
ACC-01253,2024-05-10,2024-05-01,US,E-Commerce,200+,Basic,Paid Search
ACC-01254,2024-08-23,2024-08-01,FR,SaaS,11-50,Pro,Organic
ACC-01255,2024-02-21,2024-02-01,UK,MarTech,11-50,Pro,Organic
ACC-01256,2024-07-07,2024-07-01,SE,MarTech,11-50,Basic,Outbound
ACC-01257,2024-04-07,2024-04-01,US,MarTech,200+,Pro,Partner
ACC-01258,2023-06-21,2023-06-01,US,HR Tech,11-50,Pro,Partner
ACC-01259,2024-01-25,2024-01-01,SE,MarTech,1-10,Enterprise,Organic
ACC-01260,2023-06-15,2023-06-01,CA,E-Commerce,11-50,Basic,Organic
ACC-01261,2023-05-24,2023-05-01,CA,HR Tech,51-200,Basic,Paid Search
ACC-01262,2023-11-22,2023-11-01,NL,HR Tech,11-50,Enterprise,Partner
ACC-01263,2023-10-07,2023-10-01,US,HR Tech,11-50,Pro,Paid Search
ACC-01264,2023-01-17,2023-01-01,NL,SaaS,200+,Pro,Organic
ACC-01265,2023-01-10,2023-01-01,FR,HealthTech,51-200,Pro,Partner
ACC-01266,2024-07-05,2024-07-01,US,Logistics,51-200,Pro,Outbound
ACC-01267,2024-11-18,2024-11-01,UK,SaaS,200+,Basic,Paid Search
ACC-01268,2024-02-01,2024-02-01,US,MarTech,51-200,Basic,Paid Search
ACC-01269,2023-07-17,2023-07-01,UK,SaaS,1-10,Basic,Outbound
ACC-01270,2024-01-02,2024-01-01,US,MarTech,11-50,Enterprise,Organic
ACC-01271,2024-05-20,2024-05-01,SE,SaaS,11-50,Pro,Paid Search
ACC-01272,2023-01-08,2023-01-01,US,MarTech,11-50,Enterprise,Paid Search
ACC-01273,2024-05-20,2024-05-01,US,SaaS,51-200,Pro,Paid Search
ACC-01274,2023-06-29,2023-06-01,US,SaaS,1-10,Basic,Paid Search
ACC-01275,2023-08-22,2023-08-01,NL,EdTech,1-10,Enterprise,Organic
ACC-01276,2024-12-10,2024-12-01,FR,E-Commerce,51-200,Enterprise,Organic
ACC-01277,2024-03-13,2024-03-01,FR,HR Tech,1-10,Enterprise,Paid Search
ACC-01278,2024-02-21,2024-02-01,US,EdTech,11-50,Basic,Partner
ACC-01279,2023-08-18,2023-08-01,US,Logistics,11-50,Basic,Paid Search
ACC-01280,2023-12-09,2023-12-01,US,E-Commerce,1-10,Pro,Outbound
ACC-01281,2024-03-09,2024-03-01,SE,Logistics,1-10,Basic,Organic
ACC-01282,2024-10-02,2024-10-01,US,HealthTech,51-200,Pro,Paid Search
ACC-01283,2023-12-09,2023-12-01,AU,SaaS,11-50,Enterprise,Partner
ACC-01284,2023-12-08,2023-12-01,DE,SaaS,1-10,Pro,Paid Search
ACC-01285,2023-04-08,2023-04-01,FR,E-Commerce,1-10,Basic,Organic
ACC-01286,2023-11-17,2023-11-01,NL,EdTech,51-200,Basic,Partner
ACC-01287,2023-02-26,2023-02-01,US,E-Commerce,1-10,Pro,Paid Search
ACC-01288,2023-10-29,2023-10-01,AU,HealthTech,11-50,Basic,Outbound
ACC-01289,2024-11-06,2024-11-01,FR,HealthTech,11-50,Basic,Paid Search
ACC-01290,2023-04-14,2023-04-01,US,HR Tech,51-200,Pro,Organic
ACC-01291,2023-07-17,2023-07-01,US,SaaS,51-200,Pro,Partner
ACC-01292,2024-08-09,2024-08-01,US,E-Commerce,11-50,Pro,Paid Search
ACC-01293,2023-07-10,2023-07-01,US,MarTech,1-10,Basic,Paid Search
ACC-01294,2024-10-29,2024-10-01,CA,FinTech,51-200,Pro,Organic
ACC-01295,2023-11-13,2023-11-01,FR,FinTech,200+,Pro,Partner
ACC-01296,2023-05-29,2023-05-01,US,E-Commerce,51-200,Enterprise,Paid Search
ACC-01297,2023-07-20,2023-07-01,SE,E-Commerce,1-10,Basic,Organic
ACC-01298,2024-05-02,2024-05-01,CA,HR Tech,11-50,Basic,Paid Search
ACC-01299,2023-12-10,2023-12-01,FR,HealthTech,1-10,Pro,Partner
ACC-01300,2023-02-13,2023-02-01,UK,Logistics,11-50,Pro,Paid Search
ACC-01301,2023-08-07,2023-08-01,US,EdTech,200+,Basic,Partner
ACC-01302,2023-07-30,2023-07-01,UK,MarTech,1-10,Basic,Paid Search
ACC-01303,2024-07-22,2024-07-01,US,FinTech,1-10,Pro,Partner
ACC-01304,2023-02-14,2023-02-01,SE,SaaS,1-10,Basic,Organic
ACC-01305,2023-06-28,2023-06-01,US,E-Commerce,1-10,Basic,Partner
ACC-01306,2023-04-14,2023-04-01,US,EdTech,11-50,Pro,Organic
ACC-01307,2023-08-04,2023-08-01,US,SaaS,51-200,Pro,Outbound
ACC-01308,2024-09-30,2024-09-01,NL,Logistics,1-10,Basic,Outbound
ACC-01309,2023-07-14,2023-07-01,US,FinTech,11-50,Pro,Outbound
ACC-01310,2023-09-08,2023-09-01,NL,MarTech,11-50,Enterprise,Organic
ACC-01311,2023-06-02,2023-06-01,US,SaaS,51-200,Enterprise,Outbound
ACC-01312,2024-08-21,2024-08-01,NL,SaaS,1-10,Pro,Partner
ACC-01313,2023-03-08,2023-03-01,US,FinTech,51-200,Pro,Paid Search
ACC-01314,2024-06-15,2024-06-01,UK,FinTech,11-50,Pro,Partner
ACC-01315,2024-05-21,2024-05-01,UK,E-Commerce,11-50,Pro,Paid Search
ACC-01316,2023-08-01,2023-08-01,US,SaaS,51-200,Basic,Organic
ACC-01317,2024-01-22,2024-01-01,DE,HR Tech,11-50,Pro,Organic
ACC-01318,2023-03-28,2023-03-01,US,E-Commerce,1-10,Basic,Paid Search
ACC-01319,2023-12-11,2023-12-01,UK,HealthTech,11-50,Enterprise,Organic
ACC-01320,2024-01-27,2024-01-01,US,HealthTech,1-10,Basic,Outbound
ACC-01321,2023-10-29,2023-10-01,AU,E-Commerce,11-50,Pro,Outbound
ACC-01322,2023-04-11,2023-04-01,US,FinTech,11-50,Basic,Partner
ACC-01323,2023-09-14,2023-09-01,US,MarTech,51-200,Basic,Partner
ACC-01324,2023-05-22,2023-05-01,SE,MarTech,51-200,Enterprise,Organic
ACC-01325,2023-11-03,2023-11-01,US,FinTech,200+,Enterprise,Partner
ACC-01326,2024-11-02,2024-11-01,US,EdTech,200+,Enterprise,Outbound
ACC-01327,2023-08-22,2023-08-01,US,EdTech,11-50,Pro,Partner
ACC-01328,2024-04-24,2024-04-01,CA,HealthTech,51-200,Basic,Organic
ACC-01329,2024-12-15,2024-12-01,UK,HealthTech,51-200,Basic,Organic
ACC-01330,2023-05-12,2023-05-01,US,EdTech,11-50,Pro,Paid Search
ACC-01331,2023-08-19,2023-08-01,UK,EdTech,11-50,Pro,Paid Search
ACC-01332,2023-11-30,2023-11-01,DE,E-Commerce,1-10,Basic,Outbound
ACC-01333,2023-12-05,2023-12-01,DE,MarTech,200+,Pro,Paid Search
ACC-01334,2024-01-26,2024-01-01,US,FinTech,11-50,Basic,Organic
ACC-01335,2024-08-06,2024-08-01,SE,E-Commerce,11-50,Basic,Partner
ACC-01336,2023-07-01,2023-07-01,US,EdTech,11-50,Basic,Organic
ACC-01337,2024-01-31,2024-01-01,US,SaaS,51-200,Basic,Organic
ACC-01338,2024-06-14,2024-06-01,US,FinTech,200+,Basic,Outbound
ACC-01339,2023-05-13,2023-05-01,DE,HealthTech,1-10,Enterprise,Outbound
ACC-01340,2023-05-14,2023-05-01,NL,FinTech,51-200,Pro,Organic
ACC-01341,2024-08-11,2024-08-01,SE,E-Commerce,11-50,Pro,Organic
ACC-01342,2023-01-08,2023-01-01,SE,HealthTech,51-200,Pro,Organic
ACC-01343,2023-12-03,2023-12-01,NL,Logistics,11-50,Pro,Partner
ACC-01344,2023-10-22,2023-10-01,FR,Logistics,11-50,Enterprise,Partner
ACC-01345,2024-02-05,2024-02-01,FR,MarTech,1-10,Basic,Outbound
ACC-01346,2024-03-18,2024-03-01,UK,Logistics,1-10,Pro,Paid Search
ACC-01347,2023-02-14,2023-02-01,US,Logistics,1-10,Pro,Organic
ACC-01348,2023-03-10,2023-03-01,CA,EdTech,1-10,Pro,Outbound
ACC-01349,2024-07-20,2024-07-01,US,FinTech,51-200,Pro,Partner
ACC-01350,2024-02-24,2024-02-01,UK,FinTech,11-50,Pro,Organic
ACC-01351,2024-12-12,2024-12-01,FR,HealthTech,11-50,Basic,Organic
ACC-01352,2023-02-08,2023-02-01,US,SaaS,200+,Basic,Partner
ACC-01353,2024-05-11,2024-05-01,UK,SaaS,51-200,Pro,Paid Search
ACC-01354,2024-04-27,2024-04-01,AU,MarTech,1-10,Basic,Organic
ACC-01355,2023-10-29,2023-10-01,US,EdTech,1-10,Pro,Organic
ACC-01356,2023-10-07,2023-10-01,US,FinTech,1-10,Basic,Partner
ACC-01357,2023-08-10,2023-08-01,UK,SaaS,11-50,Pro,Partner
ACC-01358,2024-11-06,2024-11-01,NL,FinTech,11-50,Basic,Organic
ACC-01359,2024-01-22,2024-01-01,CA,Logistics,11-50,Basic,Organic
ACC-01360,2024-03-07,2024-03-01,US,SaaS,51-200,Pro,Organic
ACC-01361,2023-04-09,2023-04-01,AU,MarTech,1-10,Basic,Paid Search
ACC-01362,2023-04-21,2023-04-01,AU,FinTech,11-50,Pro,Outbound
ACC-01363,2024-02-09,2024-02-01,SE,SaaS,1-10,Basic,Organic
ACC-01364,2024-02-16,2024-02-01,FR,SaaS,1-10,Basic,Partner
ACC-01365,2023-10-13,2023-10-01,FR,FinTech,1-10,Basic,Organic
ACC-01366,2024-09-05,2024-09-01,UK,HR Tech,51-200,Pro,Outbound
ACC-01367,2024-08-05,2024-08-01,US,HR Tech,11-50,Enterprise,Partner
ACC-01368,2024-11-25,2024-11-01,NL,MarTech,1-10,Basic,Partner
ACC-01369,2024-12-05,2024-12-01,US,Logistics,11-50,Basic,Paid Search
ACC-01370,2024-08-22,2024-08-01,UK,E-Commerce,51-200,Pro,Partner
ACC-01371,2023-01-14,2023-01-01,US,E-Commerce,51-200,Basic,Partner
ACC-01372,2023-09-07,2023-09-01,FR,SaaS,11-50,Basic,Organic
ACC-01373,2023-07-29,2023-07-01,FR,SaaS,51-200,Enterprise,Paid Search
ACC-01374,2023-12-03,2023-12-01,US,FinTech,51-200,Basic,Partner
ACC-01375,2024-02-29,2024-02-01,FR,FinTech,1-10,Enterprise,Organic
ACC-01376,2023-09-06,2023-09-01,US,SaaS,200+,Enterprise,Partner
ACC-01377,2024-12-13,2024-12-01,CA,E-Commerce,11-50,Basic,Paid Search
ACC-01378,2023-01-07,2023-01-01,US,HealthTech,200+,Basic,Outbound
ACC-01379,2023-07-29,2023-07-01,US,SaaS,11-50,Pro,Organic
ACC-01380,2024-06-03,2024-06-01,US,EdTech,11-50,Pro,Organic
ACC-01381,2023-06-30,2023-06-01,FR,FinTech,11-50,Enterprise,Organic
ACC-01382,2024-05-07,2024-05-01,US,HR Tech,11-50,Basic,Paid Search
ACC-01383,2024-06-01,2024-06-01,FR,HealthTech,1-10,Enterprise,Paid Search
ACC-01384,2024-01-26,2024-01-01,UK,SaaS,200+,Basic,Paid Search
ACC-01385,2024-07-20,2024-07-01,CA,FinTech,11-50,Pro,Paid Search
ACC-01386,2024-09-12,2024-09-01,UK,FinTech,51-200,Basic,Outbound
ACC-01387,2023-01-05,2023-01-01,US,E-Commerce,51-200,Pro,Outbound
ACC-01388,2024-02-09,2024-02-01,SE,FinTech,11-50,Pro,Paid Search
ACC-01389,2024-02-23,2024-02-01,NL,HR Tech,1-10,Enterprise,Organic
ACC-01390,2024-03-22,2024-03-01,SE,MarTech,51-200,Basic,Partner
ACC-01391,2024-10-12,2024-10-01,CA,EdTech,51-200,Enterprise,Partner
ACC-01392,2023-09-06,2023-09-01,UK,Logistics,11-50,Pro,Organic
ACC-01393,2024-11-12,2024-11-01,FR,FinTech,11-50,Pro,Organic
ACC-01394,2024-09-08,2024-09-01,DE,EdTech,1-10,Basic,Organic
ACC-01395,2024-12-29,2024-12-01,NL,FinTech,11-50,Enterprise,Paid Search
ACC-01396,2023-07-13,2023-07-01,NL,SaaS,11-50,Pro,Paid Search
ACC-01397,2024-06-29,2024-06-01,FR,FinTech,11-50,Basic,Outbound
ACC-01398,2023-04-02,2023-04-01,US,E-Commerce,51-200,Enterprise,Organic
ACC-01399,2023-08-03,2023-08-01,SE,FinTech,11-50,Enterprise,Partner
ACC-01400,2023-01-02,2023-01-01,US,MarTech,11-50,Basic,Organic
ACC-01401,2024-03-17,2024-03-01,US,FinTech,51-200,Basic,Organic
ACC-01402,2023-04-23,2023-04-01,UK,MarTech,1-10,Basic,Organic
ACC-01403,2023-07-16,2023-07-01,US,Logistics,11-50,Pro,Paid Search
ACC-01404,2024-10-13,2024-10-01,US,FinTech,11-50,Basic,Organic
ACC-01405,2024-08-22,2024-08-01,US,HealthTech,51-200,Basic,Organic
ACC-01406,2023-01-08,2023-01-01,FR,MarTech,1-10,Basic,Partner
ACC-01407,2024-01-20,2024-01-01,FR,HR Tech,51-200,Enterprise,Paid Search
ACC-01408,2023-12-12,2023-12-01,FR,FinTech,51-200,Basic,Organic
ACC-01409,2023-09-03,2023-09-01,SE,EdTech,11-50,Basic,Paid Search
ACC-01410,2023-12-05,2023-12-01,AU,SaaS,51-200,Basic,Partner
ACC-01411,2023-05-23,2023-05-01,US,SaaS,11-50,Enterprise,Partner
ACC-01412,2023-09-12,2023-09-01,UK,E-Commerce,51-200,Pro,Paid Search
ACC-01413,2023-07-12,2023-07-01,US,E-Commerce,200+,Basic,Paid Search
ACC-01414,2023-02-16,2023-02-01,SE,EdTech,51-200,Basic,Paid Search
ACC-01415,2024-09-19,2024-09-01,AU,FinTech,200+,Enterprise,Paid Search
ACC-01416,2024-11-05,2024-11-01,NL,Logistics,51-200,Basic,Organic
ACC-01417,2023-05-27,2023-05-01,NL,Logistics,51-200,Pro,Organic
ACC-01418,2024-05-24,2024-05-01,AU,FinTech,51-200,Pro,Outbound
ACC-01419,2023-06-22,2023-06-01,NL,HR Tech,11-50,Pro,Organic
ACC-01420,2023-06-24,2023-06-01,CA,EdTech,1-10,Basic,Partner
ACC-01421,2023-06-14,2023-06-01,NL,FinTech,11-50,Basic,Partner
ACC-01422,2024-11-12,2024-11-01,UK,Logistics,1-10,Basic,Paid Search
ACC-01423,2024-05-18,2024-05-01,US,EdTech,51-200,Enterprise,Partner
ACC-01424,2024-09-07,2024-09-01,US,FinTech,200+,Pro,Partner
ACC-01425,2024-10-31,2024-10-01,FR,E-Commerce,51-200,Enterprise,Organic
ACC-01426,2023-04-29,2023-04-01,US,SaaS,11-50,Pro,Organic
ACC-01427,2023-04-29,2023-04-01,DE,SaaS,11-50,Basic,Partner
ACC-01428,2023-11-15,2023-11-01,US,E-Commerce,51-200,Enterprise,Organic
ACC-01429,2024-01-09,2024-01-01,AU,HR Tech,1-10,Pro,Paid Search
ACC-01430,2023-04-20,2023-04-01,UK,E-Commerce,11-50,Basic,Outbound
ACC-01431,2023-08-13,2023-08-01,UK,HealthTech,11-50,Basic,Partner
ACC-01432,2024-12-20,2024-12-01,US,FinTech,11-50,Pro,Organic
ACC-01433,2024-12-24,2024-12-01,DE,E-Commerce,1-10,Basic,Outbound
ACC-01434,2023-03-02,2023-03-01,SE,FinTech,51-200,Basic,Partner
ACC-01435,2023-08-19,2023-08-01,CA,SaaS,51-200,Basic,Paid Search
ACC-01436,2024-02-06,2024-02-01,US,MarTech,200+,Basic,Organic
ACC-01437,2024-02-06,2024-02-01,US,EdTech,200+,Pro,Paid Search
ACC-01438,2024-06-24,2024-06-01,CA,FinTech,200+,Pro,Paid Search
ACC-01439,2023-04-10,2023-04-01,US,MarTech,11-50,Enterprise,Partner
ACC-01440,2024-12-27,2024-12-01,US,EdTech,11-50,Basic,Paid Search
ACC-01441,2023-05-29,2023-05-01,US,MarTech,1-10,Pro,Paid Search
ACC-01442,2024-08-12,2024-08-01,US,MarTech,51-200,Basic,Outbound
ACC-01443,2024-11-26,2024-11-01,AU,Logistics,1-10,Enterprise,Organic
ACC-01444,2023-02-23,2023-02-01,US,E-Commerce,11-50,Basic,Organic
ACC-01445,2024-02-18,2024-02-01,US,SaaS,11-50,Basic,Paid Search
ACC-01446,2023-06-26,2023-06-01,FR,FinTech,51-200,Pro,Partner
ACC-01447,2024-04-19,2024-04-01,NL,EdTech,1-10,Pro,Paid Search
ACC-01448,2023-05-03,2023-05-01,US,SaaS,11-50,Enterprise,Organic
ACC-01449,2024-08-23,2024-08-01,DE,E-Commerce,1-10,Pro,Partner
ACC-01450,2023-07-05,2023-07-01,UK,HR Tech,51-200,Basic,Organic
ACC-01451,2023-11-30,2023-11-01,US,Logistics,51-200,Basic,Partner
ACC-01452,2023-01-21,2023-01-01,UK,MarTech,51-200,Pro,Organic
ACC-01453,2024-08-21,2024-08-01,DE,MarTech,51-200,Pro,Organic
ACC-01454,2024-11-05,2024-11-01,NL,SaaS,11-50,Basic,Paid Search
ACC-01455,2023-11-18,2023-11-01,US,SaaS,1-10,Basic,Paid Search
ACC-01456,2023-02-05,2023-02-01,US,SaaS,1-10,Enterprise,Organic
ACC-01457,2024-11-04,2024-11-01,US,FinTech,200+,Pro,Partner
ACC-01458,2024-11-05,2024-11-01,DE,SaaS,11-50,Basic,Outbound
ACC-01459,2023-12-27,2023-12-01,FR,E-Commerce,51-200,Pro,Organic
ACC-01460,2023-02-07,2023-02-01,US,FinTech,51-200,Enterprise,Paid Search
ACC-01461,2023-08-10,2023-08-01,DE,FinTech,51-200,Basic,Paid Search
ACC-01462,2023-09-24,2023-09-01,UK,Logistics,11-50,Basic,Organic
ACC-01463,2024-03-11,2024-03-01,SE,SaaS,1-10,Pro,Organic
ACC-01464,2024-10-10,2024-10-01,CA,SaaS,11-50,Pro,Partner
ACC-01465,2024-09-11,2024-09-01,US,MarTech,11-50,Pro,Paid Search
ACC-01466,2024-09-10,2024-09-01,US,FinTech,11-50,Pro,Paid Search
ACC-01467,2023-12-04,2023-12-01,FR,FinTech,11-50,Basic,Outbound
ACC-01468,2023-08-20,2023-08-01,US,SaaS,200+,Basic,Outbound
ACC-01469,2023-05-07,2023-05-01,US,EdTech,11-50,Enterprise,Paid Search
ACC-01470,2024-06-25,2024-06-01,US,E-Commerce,1-10,Basic,Organic
ACC-01471,2023-02-19,2023-02-01,US,HR Tech,11-50,Basic,Partner
ACC-01472,2024-06-28,2024-06-01,DE,Logistics,11-50,Pro,Organic
ACC-01473,2024-12-04,2024-12-01,DE,SaaS,1-10,Basic,Partner
ACC-01474,2023-02-24,2023-02-01,NL,E-Commerce,11-50,Pro,Partner
ACC-01475,2024-03-04,2024-03-01,CA,SaaS,200+,Pro,Paid Search
ACC-01476,2023-10-10,2023-10-01,SE,E-Commerce,51-200,Enterprise,Organic
ACC-01477,2024-10-12,2024-10-01,NL,HR Tech,11-50,Basic,Organic
ACC-01478,2023-03-23,2023-03-01,US,SaaS,1-10,Pro,Organic
ACC-01479,2023-10-20,2023-10-01,DE,HealthTech,51-200,Enterprise,Paid Search
ACC-01480,2024-06-04,2024-06-01,SE,SaaS,11-50,Pro,Partner
ACC-01481,2024-06-29,2024-06-01,CA,HealthTech,11-50,Enterprise,Partner
ACC-01482,2024-03-11,2024-03-01,CA,EdTech,1-10,Pro,Outbound
ACC-01483,2024-06-24,2024-06-01,CA,SaaS,11-50,Basic,Outbound
ACC-01484,2024-06-20,2024-06-01,NL,SaaS,11-50,Basic,Paid Search
ACC-01485,2023-02-22,2023-02-01,UK,FinTech,11-50,Basic,Outbound
ACC-01486,2023-09-13,2023-09-01,AU,Logistics,51-200,Basic,Paid Search
ACC-01487,2023-09-29,2023-09-01,US,EdTech,11-50,Basic,Organic
ACC-01488,2024-10-20,2024-10-01,DE,Logistics,200+,Enterprise,Partner
ACC-01489,2023-02-28,2023-02-01,UK,E-Commerce,11-50,Basic,Organic
ACC-01490,2023-07-10,2023-07-01,UK,SaaS,11-50,Basic,Paid Search
ACC-01491,2023-06-07,2023-06-01,UK,Logistics,1-10,Pro,Organic
ACC-01492,2024-04-26,2024-04-01,UK,FinTech,11-50,Basic,Partner
ACC-01493,2023-04-22,2023-04-01,SE,EdTech,11-50,Basic,Partner
ACC-01494,2023-01-06,2023-01-01,UK,Logistics,1-10,Basic,Organic
ACC-01495,2024-02-09,2024-02-01,UK,FinTech,1-10,Pro,Outbound
ACC-01496,2024-11-12,2024-11-01,SE,SaaS,11-50,Pro,Partner
ACC-01497,2023-05-11,2023-05-01,US,MarTech,51-200,Pro,Outbound
ACC-01498,2024-02-03,2024-02-01,US,HR Tech,51-200,Basic,Organic
ACC-01499,2023-01-14,2023-01-01,CA,SaaS,51-200,Basic,Outbound
ACC-01500,2023-01-09,2023-01-01,UK,FinTech,11-50,Pro,Organic
